{"type":"FeatureCollection","features":[{"type":"Feature","properties":{"cota_m":724.0,"area_km2":66.4,"metodo":"banheira: relevo atual <= cota, conexo às calhas do Tietê/Pinheiros/Tamanduateí","fontes":"DEM de SP (GeoSampa) + FABDEM V1-2"},"geometry":{"type":"MultiPolygon","coordinates":[[[[-46.69106,-23.59815],[-46.69058,-23.59853],[-46.69058,-23.59873],[-46.69039,-23.59882],[-46.69039,-23.59901],[-46.69058,-23.59911],[-46.69058,-23.59959],[-46.69,-23.59978],[-46.68952,-23.60026],[-46.68914,-23.60016],[-46.68905,-23.59978],[-46.68885,-23.59968],[-46.68885,-23.59949],[-46.68857,-23.5992],[-46.6879,-23.59911],[-46.6879,-23.59901],[-46.68723,-23.59901],[-46.68723,-23.59911],[-46.68704,-23.59911],[-46.68665,-23.59949],[-46.68656,-23.59997],[-46.68675,-23.59997],[-46.68694,-23.60026],[-46.68761,-23.60016],[-46.68761,-23.60026],[-46.68799,-23.60026],[-46.68809,-23.60035],[-46.68809,-23.60054],[-46.68828,-23.60074],[-46.68828,-23.60102],[-46.68838,-23.60102],[-46.68828,-23.60188],[-46.68857,-23.60217],[-46.68857,-23.60236],[-46.68885,-23.60255],[-46.68885,-23.60274],[-46.68905,-23.60284],[-46.68914,-23.60351],[-46.68924,-23.60351],[-46.68943,-23.60408],[-46.68962,-23.60418],[-46.68962,-23.60437],[-46.68991,-23.60466],[-46.69029,-23.60475],[-46.69029,-23.60485],[-46.69058,-23.60485],[-46.69058,-23.60495],[-46.69125,-23.60485],[-46.69134,-23.60466],[-46.69153,-23.60466],[-46.69173,-23.60447],[-46.69173,-23.60428],[-46.69192,-23.60408],[-46.69211,-23.60408],[-46.69211,-23.60428],[-46.6923,-23.60437],[-46.6922,-23.60504],[-46.6924,-23.60523],[-46.69278,-23.60533],[-46.69278,-23.6059],[-46.69287,-23.6059],[-46.69297,-23.60619],[-46.69316,-23.60619],[-46.69326,-23.60657],[-46.69335,-23.60657],[-46.69345,-23.60724],[-46.69354,-23.60724],[-46.69354,-23.60772],[-46.69364,-23.60772],[-46.69364,-23.6082],[-46.69335,-23.60829],[-46.69306,-23.60858],[-46.69316,-23.61059],[-46.69326,-23.61059],[-46.69326,-23.61088],[-46.69354,-23.61107],[-46.69354,-23.61126],[-46.69402,-23.61164],[-46.69412,-23.61231],[-46.69421,-23.61231],[-46.69421,-23.61251],[-46.6945,-23.61279],[-46.69412,-23.61289],[-46.69373,-23.61193],[-46.69316,-23.61136],[-46.69316,-23.61117],[-46.69297,-23.61107],[-46.69287,-23.6105],[-46.6922,-23.6104],[-46.69211,-23.61088],[-46.69201,-23.61088],[-46.69192,-23.61126],[-46.69182,-23.61126],[-46.69182,-23.61155],[-46.69173,-23.61155],[-46.69173,-23.61193],[-46.69163,-23.61193],[-46.69163,-23.61251],[-46.69182,-23.61251],[-46.69211,-23.61279],[-46.6922,-23.61337],[-46.69201,-23.61356],[-46.69182,-23.61356],[-46.69182,-23.61375],[-46.69144,-23.61413],[-46.6923,-23.61413],[-46.6923,-23.61404],[-46.69306,-23.61394],[-46.69316,-23.61384],[-46.69306,-23.61365],[-46.69326,-23.61346],[-46.69345,-23.61346],[-46.69345,-23.61337],[-46.69402,-23.61337],[-46.69412,-23.61327],[-46.69412,-23.61337],[-46.6946,-23.61337],[-46.6946,-23.61356],[-46.6944,-23.61375],[-46.69373,-23.61384],[-46.69373,-23.61394],[-46.69345,-23.61394],[-46.69345,-23.61404],[-46.69316,-23.61404],[-46.69316,-23.61413],[-46.69278,-23.61413],[-46.69278,-23.61423],[-46.6924,-23.61423],[-46.6924,-23.61432],[-46.69211,-23.61432],[-46.69211,-23.61442],[-46.69182,-23.61442],[-46.69182,-23.61451],[-46.69106,-23.61461],[-46.69106,-23.61471],[-46.69077,-23.61471],[-46.69077,-23.6148],[-46.69039,-23.6148],[-46.69039,-23.6149],[-46.68952,-23.61509],[-46.68933,-23.61528],[-46.68905,-23.61528],[-46.68885,-23.61547],[-46.68914,-23.61547],[-46.68914,-23.61538],[-46.68943,-23.61538],[-46.68943,-23.61528],[-46.68981,-23.61528],[-46.68981,-23.61518],[-46.69029,-23.61509],[-46.69029,-23.61499],[-46.69077,-23.61499],[-46.69077,-23.6149],[-46.69115,-23.6149],[-46.69115,-23.6148],[-46.69153,-23.6148],[-46.69153,-23.6149],[-46.69106,-23.61499],[-46.69086,-23.61518],[-46.69086,-23.61547],[-46.69106,-23.61557],[-46.69106,-23.61576],[-46.69211,-23.61585],[-46.69211,-23.61576],[-46.69278,-23.61566],[-46.69278,-23.61557],[-46.69335,-23.61566],[-46.69345,-23.61585],[-46.69364,-23.61585],[-46.69393,-23.61614],[-46.69421,-23.61624],[-46.69421,-23.6171],[-46.6944,-23.61729],[-46.6945,-23.61719],[-46.69498,-23.61719],[-46.69498,-23.61777],[-46.69574,-23.61825],[-46.69574,-23.61853],[-46.69613,-23.61853],[-46.69632,-23.61873],[-46.6967,-23.61873],[-46.6967,-23.61863],[-46.69689,-23.61863],[-46.69699,-23.61844],[-46.69728,-23.61834],[-46.69728,-23.61796],[-46.69718,-23.61796],[-46.69718,-23.61758],[-46.69728,-23.61748],[-46.6967,-23.61691],[-46.69651,-23.61691],[-46.69632,-23.61662],[-46.69555,-23.61672],[-46.69555,-23.61643],[-46.69479,-23.61624],[-46.69469,-23.61585],[-46.6946,-23.61585],[-46.6946,-23.61509],[-46.6945,-23.61509],[-46.6946,-23.6148],[-46.6944,-23.61461],[-46.69393,-23.61461],[-46.69383,-23.61442],[-46.69421,-23.61432],[-46.69421,-23.61423],[-46.6945,-23.61423],[-46.6945,-23.61413],[-46.69479,-23.61413],[-46.69479,-23.61404],[-46.69517,-23.61404],[-46.69517,-23.61413],[-46.69584,-23.61404],[-46.69584,-23.61413],[-46.69603,-23.61413],[-46.69603,-23.61432],[-46.69622,-23.61432],[-46.69622,-23.61394],[-46.69641,-23.61404],[-46.69641,-23.61423],[-46.6967,-23.61423],[-46.69689,-23.61375],[-46.69728,-23.61375],[-46.69737,-23.61356],[-46.69708,-23.61356],[-46.69708,-23.61365],[-46.69699,-23.61356],[-46.69594,-23.61365],[-46.69594,-23.61356],[-46.69622,-23.61356],[-46.69622,-23.61346],[-46.69651,-23.61346],[-46.69651,-23.61337],[-46.69689,-23.61337],[-46.69689,-23.61327],[-46.69728,-23.61327],[-46.69728,-23.61317],[-46.69766,-23.61327],[-46.69766,-23.61317],[-46.69833,-23.61308],[-46.69833,-23.61298],[-46.69766,-23.61289],[-46.69766,-23.6126],[-46.69756,-23.6126],[-46.69737,-23.61308],[-46.69641,-23.61317],[-46.69641,-23.61327],[-46.69555,-23.61327],[-46.69584,-23.61298],[-46.6967,-23.61308],[-46.6968,-23.61298],[-46.6967,-23.61289],[-46.6968,-23.61251],[-46.69641,-23.61251],[-46.69622,-23.61155],[-46.69565,-23.61155],[-46.69565,-23.61126],[-46.69603,-23.61107],[-46.69603,-23.61097],[-46.69555,-23.61097],[-46.69546,-23.61069],[-46.69536,-23.61069],[-46.69555,-23.6105],[-46.69555,-23.6103],[-46.69565,-23.6103],[-46.69565,-23.60983],[-46.69536,-23.60973],[-46.69536,-23.60963],[-46.69498,-23.60963],[-46.69498,-23.60954],[-46.69479,-23.60954],[-46.6946,-23.60935],[-46.69469,-23.60906],[-46.69517,-23.60896],[-46.69517,-23.60877],[-46.69498,-23.60877],[-46.69479,-23.60896],[-46.6944,-23.60896],[-46.6944,-23.60849],[-46.69431,-23.60849],[-46.69421,-23.60801],[-46.69431,-23.60801],[-46.69431,-23.60782],[-46.6946,-23.60753],[-46.69412,-23.60753],[-46.69402,-23.60734],[-46.69373,-23.60734],[-46.69373,-23.60715],[-46.69364,-23.60715],[-46.69373,-23.60705],[-46.69373,-23.60638],[-46.69383,-23.60638],[-46.69373,-23.60562],[-46.69335,-23.60552],[-46.69326,-23.60485],[-46.69306,-23.60475],[-46.69306,-23.60447],[-46.69287,-23.60428],[-46.69287,-23.60389],[-46.69306,-23.6037],[-46.69326,-23.6037],[-46.69326,-23.60313],[-46.69306,-23.60313],[-46.69287,-23.60294],[-46.69287,-23.60265],[-46.69316,-23.60236],[-46.69335,-23.60236],[-46.69364,-23.60274],[-46.69402,-23.60274],[-46.69421,-23.60236],[-46.6945,-23.60236],[-46.69469,-23.60265],[-46.69488,-23.60265],[-46.69488,-23.60284],[-46.69565,-23.60361],[-46.69584,-23.60361],[-46.69574,-23.60303],[-46.69565,-23.60303],[-46.69565,-23.60265],[-46.69555,-23.60265],[-46.69555,-23.60227],[-46.69546,-23.60227],[-46.69546,-23.60188],[-46.69536,-23.60188],[-46.69517,-23.6014],[-46.69469,-23.6014],[-46.69469,-23.60131],[-46.69421,-23.60131],[-46.69412,-23.60121],[-46.69421,-23.60083],[-46.69469,-23.60074],[-46.69488,-23.60054],[-46.69488,-23.60045],[-46.6946,-23.60045],[-46.6944,-23.60016],[-46.69364,-23.60026],[-46.69364,-23.60035],[-46.69259,-23.60054],[-46.69259,-23.60064],[-46.69153,-23.60083],[-46.69134,-23.60064],[-46.69115,-23.59987],[-46.69096,-23.59978],[-46.69096,-23.59949],[-46.69086,-23.59949],[-46.69086,-23.59901],[-46.69096,-23.59901],[-46.69096,-23.59863],[-46.69106,-23.59863],[-46.69106,-23.59815]]],[[[-46.75124,-23.52112],[-46.75096,-23.52102],[-46.75096,-23.52093],[-46.75124,-23.52083],[-46.75124,-23.52074],[-46.75172,-23.52074],[-46.75182,-23.52064],[-46.75172,-23.52007],[-46.75163,-23.52007],[-46.75163,-23.5194],[-46.75134,-23.5193],[-46.75124,-23.51911],[-46.75009,-23.51921],[-46.7499,-23.51844],[-46.74962,-23.51844],[-46.74962,-23.51854],[-46.74933,-23.51844],[-46.74914,-23.51777],[-46.74923,-23.51777],[-46.74923,-23.51748],[-46.74942,-23.51729],[-46.74942,-23.51701],[-46.74923,-23.51691],[-46.74875,-23.51748],[-46.74828,-23.51758],[-46.7477,-23.51701],[-46.74761,-23.51653],[-46.74694,-23.51643],[-46.74694,-23.51634],[-46.74636,-23.51614],[-46.74588,-23.51567],[-46.74569,-23.51567],[-46.7456,-23.51538],[-46.74531,-23.51519],[-46.74531,-23.5148],[-46.74521,-23.5148],[-46.74521,-23.51461],[-46.74502,-23.51442],[-46.74512,-23.51318],[-46.74483,-23.51289],[-46.74483,-23.5126],[-46.74464,-23.51241],[-46.74474,-23.51203],[-46.74483,-23.51203],[-46.74483,-23.51165],[-46.74493,-23.51165],[-46.74493,-23.51136],[-46.74464,-23.51117],[-46.74464,-23.51098],[-46.74474,-23.51098],[-46.74474,-23.51059],[-46.74483,-23.51059],[-46.74493,-23.51031],[-46.74579,-23.51002],[-46.74579,-23.50983],[-46.74598,-23.50964],[-46.74598,-23.50925],[-46.74617,-23.50906],[-46.74617,-23.50887],[-46.74627,-23.50887],[-46.74636,-23.5083],[-46.74617,-23.50839],[-46.74598,-23.50897],[-46.74579,-23.50916],[-46.74579,-23.50945],[-46.74569,-23.50945],[-46.74569,-23.50964],[-46.74541,-23.50992],[-46.74397,-23.5105],[-46.74254,-23.51193],[-46.74244,-23.51184],[-46.74177,-23.51184],[-46.74177,-23.51193],[-46.74091,-23.51193],[-46.74091,-23.51203],[-46.73976,-23.51212],[-46.73976,-23.51203],[-46.73957,-23.51203],[-46.73957,-23.51193],[-46.73938,-23.51193],[-46.73919,-23.51174],[-46.73852,-23.51174],[-46.73842,-23.51155],[-46.73823,-23.51155],[-46.73804,-23.51212],[-46.73727,-23.51203],[-46.73727,-23.51251],[-46.73708,-23.5126],[-46.73699,-23.51308],[-46.73689,-23.51308],[-46.73679,-23.51337],[-46.73603,-23.51346],[-46.73593,-23.51366],[-46.73565,-23.51356],[-46.73565,-23.51346],[-46.73536,-23.51346],[-46.73536,-23.51337],[-46.73431,-23.51318],[-46.73431,-23.5126],[-46.73373,-23.5126],[-46.73354,-23.51279],[-46.73211,-23.51279],[-46.73182,-23.51308],[-46.73163,-23.51308],[-46.73163,-23.51299],[-46.73144,-23.51299],[-46.73144,-23.51279],[-46.73115,-23.51251],[-46.73096,-23.51279],[-46.73048,-23.51289],[-46.73038,-23.51308],[-46.7299,-23.51318],[-46.7299,-23.51327],[-46.72952,-23.51337],[-46.72952,-23.51346],[-46.72923,-23.51346],[-46.72904,-23.51327],[-46.72828,-23.51327],[-46.72809,-23.51308],[-46.7277,-23.51299],[-46.72761,-23.51327],[-46.72723,-23.51366],[-46.72675,-23.51375],[-46.72646,-23.51337],[-46.72608,-23.51327],[-46.72589,-23.51299],[-46.72569,-23.51299],[-46.7255,-23.51318],[-46.72522,-23.51318],[-46.72522,-23.51308],[-46.72474,-23.51299],[-46.72474,-23.51289],[-46.72435,-23.51289],[-46.72435,-23.51279],[-46.72397,-23.5127],[-46.72263,-23.51136],[-46.72235,-23.51059],[-46.72225,-23.51059],[-46.72235,-23.5105],[-46.72225,-23.50973],[-46.72215,-23.50973],[-46.72206,-23.50935],[-46.72196,-23.50935],[-46.72196,-23.50916],[-46.72177,-23.50897],[-46.72177,-23.50858],[-46.72168,-23.50858],[-46.72187,-23.50811],[-46.72206,-23.50801],[-46.72225,-23.50744],[-46.72235,-23.50744],[-46.72244,-23.50705],[-46.72215,-23.50724],[-46.72206,-23.50763],[-46.72187,-23.50772],[-46.72168,-23.5082],[-46.72148,-23.5082],[-46.72129,-23.50839],[-46.72101,-23.50839],[-46.72072,-23.50811],[-46.72043,-23.50811],[-46.72043,-23.50801],[-46.72005,-23.50791],[-46.71976,-23.50753],[-46.71947,-23.50753],[-46.71947,-23.50744],[-46.71919,-23.50744],[-46.71919,-23.50734],[-46.71871,-23.50734],[-46.71871,-23.50724],[-46.71842,-23.50724],[-46.71842,-23.50715],[-46.71794,-23.50715],[-46.71794,-23.50705],[-46.7168,-23.50696],[-46.71641,-23.50657],[-46.71603,-23.50667],[-46.71584,-23.50686],[-46.71517,-23.50686],[-46.71507,-23.50667],[-46.71479,-23.50667],[-46.71479,-23.50677],[-46.7144,-23.50667],[-46.7144,-23.50657],[-46.71392,-23.50638],[-46.71412,-23.5061],[-46.71364,-23.50629],[-46.71354,-23.50648],[-46.71268,-23.50657],[-46.71259,-23.50677],[-46.71211,-23.50686],[-46.71211,-23.50696],[-46.71096,-23.50696],[-46.71077,-23.50667],[-46.71058,-23.50667],[-46.71058,-23.50677],[-46.70971,-23.50677],[-46.70971,-23.50686],[-46.70952,-23.50686],[-46.70943,-23.50667],[-46.70904,-23.50667],[-46.70904,-23.50677],[-46.70895,-23.50667],[-46.70837,-23.50667],[-46.70837,-23.50677],[-46.70704,-23.50677],[-46.70704,-23.50667],[-46.70684,-23.50667],[-46.70665,-23.5059],[-46.70656,-23.5059],[-46.70665,-23.50581],[-46.70675,-23.5039],[-46.70646,-23.5039],[-46.70646,-23.50198],[-46.70627,-23.50198],[-46.70617,-23.50217],[-46.70608,-23.50208],[-46.7057,-23.50208],[-46.7055,-23.50227],[-46.70512,-23.50236],[-46.70531,-23.50265],[-46.7057,-23.50275],[-46.7057,-23.50294],[-46.70541,-23.50284],[-46.70541,-23.50275],[-46.70522,-23.50275],[-46.70522,-23.50284],[-46.7055,-23.50313],[-46.7055,-23.50332],[-46.7057,-23.50332],[-46.7057,-23.50351],[-46.70589,-23.50361],[-46.70598,-23.50428],[-46.70589,-23.50428],[-46.70579,-23.50504],[-46.7055,-23.50514],[-46.7055,-23.50523],[-46.70522,-23.50523],[-46.70512,-23.50552],[-46.70493,-23.50552],[-46.70445,-23.5061],[-46.70397,-23.5059],[-46.70388,-23.50562],[-46.70369,-23.50552],[-46.70369,-23.50533],[-46.70349,-23.50514],[-46.7033,-23.50514],[-46.70311,-23.50485],[-46.70273,-23.50476],[-46.70273,-23.50466],[-46.70235,-23.50466],[-46.70235,-23.50457],[-46.70196,-23.50447],[-46.70196,-23.50437],[-46.70158,-23.50428],[-46.70158,-23.50418],[-46.7011,-23.50409],[-46.7011,-23.50399],[-46.70072,-23.5039],[-46.70072,-23.5038],[-46.70043,-23.5038],[-46.70043,-23.5037],[-46.70024,-23.5037],[-46.70024,-23.5038],[-46.69909,-23.5038],[-46.69909,-23.5037],[-46.69861,-23.5037],[-46.69861,-23.50361],[-46.69833,-23.50361],[-46.69833,-23.5037],[-46.69718,-23.50361],[-46.69718,-23.5037],[-46.69613,-23.5039],[-46.69613,-23.50399],[-46.69507,-23.5039],[-46.6945,-23.50332],[-46.69421,-23.50323],[-46.69412,-23.50236],[-46.69402,-23.50236],[-46.69402,-23.50208],[-46.69393,-23.50208],[-46.69393,-23.50122],[-46.69383,-23.50122],[-46.69383,-23.50093],[-46.69373,-23.50093],[-46.69364,-23.50055],[-46.69345,-23.50064],[-46.69354,-23.50294],[-46.69335,-23.50313],[-46.69316,-23.50313],[-46.69306,-23.50332],[-46.69287,-23.50332],[-46.69259,-23.5037],[-46.6924,-23.5037],[-46.69201,-23.50418],[-46.69173,-23.50418],[-46.69144,-23.50447],[-46.69125,-23.50428],[-46.69096,-23.50428],[-46.69096,-23.50418],[-46.69048,-23.50418],[-46.69039,-23.5037],[-46.68914,-23.50265],[-46.68914,-23.50246],[-46.68857,-23.50246],[-46.68857,-23.50236],[-46.68828,-23.50236],[-46.68828,-23.50227],[-46.6879,-23.50217],[-46.6878,-23.50198],[-46.68761,-23.50198],[-46.68742,-23.5015],[-46.68732,-23.5015],[-46.68732,-23.50131],[-46.68723,-23.50131],[-46.68723,-23.50112],[-46.68713,-23.50112],[-46.68713,-23.50093],[-46.68685,-23.50074],[-46.68675,-23.50007],[-46.68694,-23.49988],[-46.68694,-23.49968],[-46.68704,-23.49968],[-46.68713,-23.4993],[-46.68723,-23.4993],[-46.68723,-23.49882],[-46.68704,-23.49882],[-46.68685,-23.49911],[-46.68656,-23.49911],[-46.68637,-23.49892],[-46.68646,-23.49796],[-46.68685,-23.49787],[-46.68685,-23.4971],[-46.68665,-23.4971],[-46.68656,-23.49681],[-46.68646,-23.49681],[-46.68646,-23.49662],[-46.68665,-23.49653],[-46.68675,-23.49605],[-46.68646,-23.49576],[-46.68627,-23.49595],[-46.68608,-23.49595],[-46.68589,-23.49567],[-46.6857,-23.49567],[-46.6857,-23.49547],[-46.68551,-23.49538],[-46.6856,-23.49423],[-46.68551,-23.49423],[-46.68551,-23.49433],[-46.68493,-23.49442],[-46.68493,-23.49461],[-46.68503,-23.49461],[-46.68493,-23.49547],[-46.68464,-23.49567],[-46.68464,-23.49595],[-46.68455,-23.49595],[-46.68464,-23.49634],[-46.68484,-23.49634],[-46.68484,-23.49624],[-46.68522,-23.49624],[-46.68531,-23.49634],[-46.68531,-23.49691],[-46.68493,-23.49701],[-46.68474,-23.4972],[-46.68493,-23.49806],[-46.68464,-23.49796],[-46.68455,-23.49768],[-46.68426,-23.49768],[-46.68426,-23.49815],[-46.68436,-23.49815],[-46.68436,-23.49854],[-46.68445,-23.49854],[-46.68436,-23.49978],[-46.68388,-23.49997],[-46.68369,-23.50026],[-46.6834,-23.50035],[-46.6834,-23.50055],[-46.6835,-23.50055],[-46.6835,-23.50122],[-46.6834,-23.50131],[-46.6835,-23.50131],[-46.68359,-23.50198],[-46.68445,-23.50294],[-46.68445,-23.50351],[-46.68417,-23.5037],[-46.68417,-23.5039],[-46.6834,-23.50399],[-46.6834,-23.50409],[-46.68311,-23.50409],[-46.68292,-23.50428],[-46.68177,-23.50437],[-46.68168,-23.50457],[-46.6812,-23.50457],[-46.6812,-23.50447],[-46.68082,-23.50437],[-46.68082,-23.50428],[-46.67986,-23.50437],[-46.67976,-23.50418],[-46.67996,-23.50418],[-46.68005,-23.5039],[-46.67938,-23.5038],[-46.67938,-23.5037],[-46.6789,-23.5037],[-46.6789,-23.50361],[-46.67852,-23.50361],[-46.67852,-23.50351],[-46.67823,-23.50351],[-46.67823,-23.50361],[-46.67632,-23.50361],[-46.67632,-23.50351],[-46.67575,-23.50351],[-46.67575,-23.50361],[-46.67469,-23.5037],[-46.6746,-23.50418],[-46.67421,-23.50428],[-46.67421,-23.50437],[-46.67383,-23.50437],[-46.67383,-23.50447],[-46.67326,-23.50457],[-46.67297,-23.50485],[-46.67268,-23.50485],[-46.67259,-23.50514],[-46.67249,-23.50514],[-46.67268,-23.50571],[-46.67287,-23.50571],[-46.67316,-23.5061],[-46.67354,-23.506],[-46.67354,-23.50619],[-46.67374,-23.50629],[-46.67374,-23.50686],[-46.67364,-23.50686],[-46.67364,-23.50734],[-46.67354,-23.50734],[-46.67354,-23.50772],[-46.67335,-23.50791],[-46.67335,-23.5082],[-46.67268,-23.50887],[-46.67192,-23.50887],[-46.67192,-23.50878],[-46.67173,-23.50878],[-46.67154,-23.50858],[-46.67134,-23.50858],[-46.67096,-23.5082],[-46.67087,-23.50772],[-46.67067,-23.50753],[-46.67067,-23.50724],[-46.67048,-23.50715],[-46.67039,-23.50667],[-46.6702,-23.50648],[-46.67,-23.50648],[-46.67,-23.50629],[-46.66953,-23.5059],[-46.66953,-23.50552],[-46.66914,-23.50552],[-46.66914,-23.50543],[-46.66876,-23.50543],[-46.66866,-23.50533],[-46.66866,-23.50514],[-46.66838,-23.50485],[-46.66838,-23.50466],[-46.66809,-23.50437],[-46.66799,-23.50399],[-46.6678,-23.5039],[-46.6678,-23.5037],[-46.66723,-23.50323],[-46.66723,-23.50303],[-46.66685,-23.50275],[-46.66685,-23.50256],[-46.66579,-23.5016],[-46.66579,-23.50141],[-46.66551,-23.50122],[-46.66551,-23.50102],[-46.66522,-23.50083],[-46.66522,-23.50064],[-46.66474,-23.50026],[-46.66474,-23.50007],[-46.66426,-23.49959],[-46.66426,-23.49988],[-46.66465,-23.50026],[-46.66484,-23.50074],[-46.66541,-23.50122],[-46.66541,-23.50141],[-46.66618,-23.50208],[-46.66618,-23.50227],[-46.66656,-23.50256],[-46.66656,-23.50275],[-46.66771,-23.5039],[-46.66771,-23.50409],[-46.6678,-23.50409],[-46.66809,-23.50485],[-46.66819,-23.50485],[-46.66819,-23.50504],[-46.66838,-23.50523],[-46.66838,-23.50543],[-46.66876,-23.50571],[-46.66876,-23.506],[-46.66857,-23.5061],[-46.66866,-23.50638],[-46.6678,-23.50638],[-46.66771,-23.506],[-46.66742,-23.5061],[-46.66752,-23.50677],[-46.66742,-23.50677],[-46.66732,-23.50715],[-46.66761,-23.50724],[-46.66771,-23.50744],[-46.66742,-23.50763],[-46.66742,-23.50782],[-46.66723,-23.50801],[-46.66675,-23.50801],[-46.66656,-23.5082],[-46.66637,-23.5082],[-46.66637,-23.5083],[-46.66579,-23.50849],[-46.66579,-23.50858],[-46.66512,-23.50858],[-46.66503,-23.50878],[-46.66465,-23.50878],[-46.66465,-23.50887],[-46.66359,-23.50897],[-46.66359,-23.50906],[-46.66331,-23.50906],[-46.66302,-23.50945],[-46.66283,-23.50945],[-46.66264,-23.50964],[-46.66168,-23.50983],[-46.66149,-23.51059],[-46.66158,-23.51059],[-46.66158,-23.51088],[-46.66168,-23.51088],[-46.66178,-23.51126],[-46.66187,-23.51126],[-46.66178,-23.51155],[-46.66206,-23.51184],[-46.66206,-23.51222],[-46.66216,-23.51222],[-46.66244,-23.51299],[-46.66264,-23.51308],[-46.66264,-23.51327],[-46.66292,-23.51356],[-46.66292,-23.51375],[-46.66264,-23.51394],[-46.66264,-23.51413],[-46.66235,-23.51413],[-46.66235,-23.51423],[-46.66168,-23.51423],[-46.66139,-23.51375],[-46.66053,-23.51375],[-46.65996,-23.51442],[-46.65967,-23.51442],[-46.65967,-23.51452],[-46.65852,-23.51452],[-46.65814,-23.51413],[-46.65718,-23.51404],[-46.65718,-23.51394],[-46.65699,-23.51394],[-46.6567,-23.51366],[-46.65603,-23.51366],[-46.65603,-23.51356],[-46.65584,-23.51356],[-46.65556,-23.51385],[-46.65517,-23.51385],[-46.65498,-23.51366],[-46.65479,-23.51366],[-46.65479,-23.51318],[-46.65489,-23.51318],[-46.65489,-23.51289],[-46.65498,-23.51289],[-46.65489,-23.51251],[-46.65498,-23.51251],[-46.65508,-23.51222],[-46.65489,-23.51203],[-46.65469,-23.51203],[-46.65469,-23.51193],[-46.6545,-23.51193],[-46.65393,-23.51126],[-46.65374,-23.51126],[-46.65335,-23.51088],[-46.65316,-23.50992],[-46.65297,-23.50992],[-46.65268,-23.50964],[-46.65268,-23.50945],[-46.65249,-23.50935],[-46.65249,-23.50916],[-46.65221,-23.50887],[-46.65201,-23.50887],[-46.65192,-23.50868],[-46.65182,-23.50878],[-46.65144,-23.50878],[-46.65106,-23.50839],[-46.65058,-23.5083],[-46.6502,-23.50878],[-46.64981,-23.50878],[-46.64981,-23.50868],[-46.64962,-23.50868],[-46.64962,-23.50858],[-46.64943,-23.50858],[-46.64943,-23.50849],[-46.64895,-23.5083],[-46.64905,-23.50782],[-46.64886,-23.50763],[-46.6479,-23.50763],[-46.6479,-23.50772],[-46.64761,-23.50772],[-46.64742,-23.50744],[-46.64675,-23.50734],[-46.64675,-23.50724],[-46.64647,-23.50724],[-46.64647,-23.50715],[-46.64599,-23.50715],[-46.6458,-23.50696],[-46.64541,-23.50696],[-46.64541,-23.50686],[-46.64388,-23.50705],[-46.64388,-23.50715],[-46.64321,-23.50715],[-46.64321,-23.50724],[-46.64273,-23.50724],[-46.64273,-23.50696],[-46.64264,-23.50696],[-46.64264,-23.50724],[-46.64235,-23.50734],[-46.64235,-23.50744],[-46.64168,-23.50744],[-46.64168,-23.50715],[-46.64187,-23.50715],[-46.64216,-23.50686],[-46.64254,-23.50677],[-46.64254,-23.50648],[-46.64235,-23.50629],[-46.64206,-23.50629],[-46.64187,-23.506],[-46.64092,-23.506],[-46.64063,-23.50571],[-46.63958,-23.50581],[-46.63919,-23.50543],[-46.63891,-23.50543],[-46.63881,-23.50523],[-46.63852,-23.50523],[-46.63843,-23.50504],[-46.63824,-23.50504],[-46.63757,-23.50437],[-46.63699,-23.50437],[-46.63651,-23.50485],[-46.63613,-23.50495],[-46.63604,-23.50466],[-46.63575,-23.50437],[-46.63556,-23.50437],[-46.63556,-23.50428],[-46.63489,-23.50418],[-46.6347,-23.50437],[-46.63441,-23.50437],[-46.63431,-23.50409],[-46.63403,-23.50409],[-46.63403,-23.50399],[-46.63288,-23.50399],[-46.63278,-23.50428],[-46.63269,-23.50428],[-46.63278,-23.50447],[-46.6323,-23.50447],[-46.6323,-23.50457],[-46.63221,-23.50447],[-46.62924,-23.50447],[-46.62905,-23.50466],[-46.62886,-23.50466],[-46.62876,-23.50495],[-46.62819,-23.50552],[-46.62761,-23.50562],[-46.62752,-23.50571],[-46.62761,-23.506],[-46.62742,-23.506],[-46.62704,-23.50638],[-46.62666,-23.50648],[-46.62647,-23.50667],[-46.62618,-23.50667],[-46.62618,-23.50677],[-46.62465,-23.50686],[-46.62465,-23.50677],[-46.6234,-23.50648],[-46.62321,-23.50629],[-46.62235,-23.5061],[-46.62235,-23.506],[-46.62197,-23.506],[-46.62197,-23.5061],[-46.62178,-23.5061],[-46.6213,-23.50657],[-46.6213,-23.50667],[-46.62159,-23.50677],[-46.62159,-23.50705],[-46.62149,-23.50705],[-46.6214,-23.50753],[-46.6212,-23.50772],[-46.62101,-23.50772],[-46.62092,-23.50753],[-46.62053,-23.50744],[-46.62053,-23.50686],[-46.62034,-23.50705],[-46.61996,-23.50696],[-46.61996,-23.50715],[-46.62015,-23.50724],[-46.62015,-23.50772],[-46.61948,-23.50772],[-46.61939,-23.50763],[-46.61929,-23.50705],[-46.61939,-23.50705],[-46.61939,-23.50686],[-46.61967,-23.50686],[-46.61948,-23.50667],[-46.61958,-23.5059],[-46.61996,-23.5059],[-46.62006,-23.50581],[-46.62006,-23.50571],[-46.61986,-23.50571],[-46.61986,-23.50552],[-46.61919,-23.50562],[-46.6191,-23.5059],[-46.61891,-23.5059],[-46.61891,-23.50581],[-46.61862,-23.5059],[-46.61843,-23.50638],[-46.61805,-23.50667],[-46.61795,-23.50705],[-46.61776,-23.50705],[-46.61766,-23.50724],[-46.61709,-23.50734],[-46.61671,-23.50696],[-46.61604,-23.50696],[-46.61604,-23.50686],[-46.61585,-23.50686],[-46.61575,-23.50657],[-46.61565,-23.50657],[-46.61565,-23.5061],[-46.61546,-23.5059],[-46.61546,-23.50562],[-46.61527,-23.50543],[-46.61508,-23.50543],[-46.6147,-23.506],[-46.61412,-23.5061],[-46.61412,-23.50629],[-46.61393,-23.50629],[-46.61393,-23.50638],[-46.61355,-23.50638],[-46.61355,-23.50648],[-46.61317,-23.50648],[-46.61317,-23.50657],[-46.61183,-23.50667],[-46.61183,-23.50705],[-46.61211,-23.50724],[-46.61221,-23.50763],[-46.6123,-23.50763],[-46.6123,-23.50791],[-46.61221,-23.50791],[-46.61221,-23.50811],[-46.61202,-23.50811],[-46.61202,-23.5082],[-46.61183,-23.5082],[-46.61163,-23.50839],[-46.61135,-23.50839],[-46.61144,-23.50811],[-46.61116,-23.50801],[-46.61116,-23.50791],[-46.6103,-23.50791],[-46.6103,-23.50782],[-46.61001,-23.50782],[-46.61001,-23.50772],[-46.60896,-23.50753],[-46.60867,-23.50724],[-46.60819,-23.50724],[-46.6079,-23.50753],[-46.60742,-23.50763],[-46.60742,-23.50772],[-46.60685,-23.50763],[-46.60685,-23.50811],[-46.60628,-23.5083],[-46.60609,-23.50849],[-46.6058,-23.50849],[-46.60589,-23.50811],[-46.60599,-23.50811],[-46.60599,-23.50744],[-46.6058,-23.50724],[-46.60532,-23.50724],[-46.60532,-23.50734],[-46.60503,-23.50734],[-46.60503,-23.50744],[-46.60427,-23.50753],[-46.60427,-23.50763],[-46.60369,-23.50763],[-46.60341,-23.50791],[-46.60312,-23.50801],[-46.60312,-23.5082],[-46.60293,-23.5082],[-46.60274,-23.50849],[-46.60235,-23.50858],[-46.60216,-23.50878],[-46.60101,-23.50887],[-46.60101,-23.50878],[-46.60015,-23.50878],[-46.60015,-23.50868],[-46.59996,-23.50868],[-46.59996,-23.50878],[-46.59958,-23.50878],[-46.59958,-23.50887],[-46.59929,-23.50887],[-46.59929,-23.50897],[-46.59862,-23.50906],[-46.59862,-23.50916],[-46.59843,-23.50916],[-46.59843,-23.50935],[-46.59824,-23.50954],[-46.59881,-23.50964],[-46.599,-23.50945],[-46.59929,-23.50945],[-46.59948,-23.50906],[-46.59977,-23.50906],[-46.59977,-23.50916],[-46.60034,-23.50916],[-46.60092,-23.50992],[-46.6013,-23.50954],[-46.60149,-23.50954],[-46.60149,-23.50964],[-46.60187,-23.50964],[-46.60187,-23.50954],[-46.60245,-23.50954],[-46.60254,-23.50964],[-46.60264,-23.50954],[-46.60264,-23.50964],[-46.60283,-23.50964],[-46.60283,-23.50983],[-46.60331,-23.51031],[-46.60331,-23.51069],[-46.60341,-23.51069],[-46.60341,-23.51193],[-46.6035,-23.51193],[-46.60341,-23.51203],[-46.60341,-23.51241],[-46.6035,-23.51241],[-46.6035,-23.5126],[-46.60331,-23.51279],[-46.60302,-23.51279],[-46.60254,-23.51327],[-46.60235,-23.51327],[-46.60235,-23.51337],[-46.60197,-23.51346],[-46.60178,-23.51366],[-46.60159,-23.51366],[-46.60159,-23.51375],[-46.6014,-23.51375],[-46.6014,-23.51394],[-46.60149,-23.51394],[-46.6014,-23.51471],[-46.60159,-23.51471],[-46.60159,-23.5148],[-46.60207,-23.51471],[-46.60216,-23.515],[-46.60226,-23.515],[-46.60226,-23.51538],[-46.60207,-23.51538],[-46.60207,-23.51528],[-46.60187,-23.51528],[-46.60187,-23.51538],[-46.60121,-23.51538],[-46.60101,-23.51557],[-46.60101,-23.51586],[-46.60121,-23.51605],[-46.60121,-23.51643],[-46.6013,-23.51643],[-46.60121,-23.51681],[-46.60073,-23.5171],[-46.60073,-23.51729],[-46.60101,-23.51748],[-46.60101,-23.51815],[-46.60044,-23.51834],[-46.60034,-23.51863],[-46.60121,-23.51844],[-46.60073,-23.51901],[-46.60178,-23.51882],[-46.60197,-23.5193],[-46.60207,-23.5193],[-46.60207,-23.51988],[-46.60216,-23.51997],[-46.60274,-23.51997],[-46.60274,-23.51988],[-46.60312,-23.51978],[-46.60312,-23.52007],[-46.60293,-23.52016],[-46.60293,-23.52055],[-46.60331,-23.52083],[-46.60331,-23.52102],[-46.6036,-23.52122],[-46.6036,-23.52141],[-46.60331,-23.52169],[-46.60197,-23.52198],[-46.60168,-23.52236],[-46.60121,-23.52256],[-46.60111,-23.52284],[-46.60073,-23.52294],[-46.60054,-23.52313],[-46.60025,-23.52313],[-46.60025,-23.52322],[-46.59929,-23.52322],[-46.59929,-23.52313],[-46.59891,-23.52313],[-46.59862,-23.52284],[-46.59843,-23.52284],[-46.59805,-23.52246],[-46.59805,-23.52227],[-46.59766,-23.52198],[-46.59766,-23.52169],[-46.59786,-23.5215],[-46.59833,-23.52141],[-46.59862,-23.52112],[-46.59862,-23.52074],[-46.59891,-23.52055],[-46.59891,-23.52026],[-46.5991,-23.52007],[-46.5991,-23.51959],[-46.59891,-23.51949],[-46.59881,-23.51892],[-46.59872,-23.51892],[-46.59872,-23.51863],[-46.599,-23.51834],[-46.599,-23.51806],[-46.59862,-23.51777],[-46.59862,-23.51729],[-46.59891,-23.5172],[-46.599,-23.51701],[-46.5992,-23.51701],[-46.5992,-23.5171],[-46.59939,-23.5171],[-46.59939,-23.51701],[-46.5991,-23.51691],[-46.59881,-23.51662],[-46.59853,-23.51691],[-46.59814,-23.51691],[-46.59824,-23.5172],[-46.59833,-23.5172],[-46.59824,-23.51767],[-46.59766,-23.51777],[-46.59766,-23.51796],[-46.59853,-23.51806],[-46.59862,-23.51815],[-46.59843,-23.51873],[-46.59814,-23.51892],[-46.59814,-23.51911],[-46.59786,-23.5194],[-46.59766,-23.51921],[-46.59747,-23.51921],[-46.59738,-23.51901],[-46.59661,-23.51911],[-46.59632,-23.51882],[-46.59623,-23.51854],[-46.59613,-23.51854],[-46.59623,-23.51911],[-46.59585,-23.51921],[-46.59556,-23.51892],[-46.59556,-23.51873],[-46.59585,-23.51844],[-46.59556,-23.51834],[-46.59546,-23.51815],[-46.59585,-23.51787],[-46.59575,-23.51748],[-46.59632,-23.5171],[-46.59632,-23.51672],[-46.59613,-23.51653],[-46.59613,-23.51634],[-46.59623,-23.51634],[-46.59613,-23.51595],[-46.59632,-23.51576],[-46.59652,-23.51576],[-46.59661,-23.51557],[-46.5969,-23.51557],[-46.59699,-23.51538],[-46.59719,-23.51538],[-46.59738,-23.51509],[-46.59623,-23.51538],[-46.59623,-23.51547],[-46.59594,-23.51547],[-46.59575,-23.51567],[-46.59546,-23.51567],[-46.59546,-23.51576],[-46.59518,-23.51567],[-46.59527,-23.51528],[-46.59546,-23.51509],[-46.59546,-23.5149],[-46.59613,-23.5148],[-46.59642,-23.51452],[-46.59699,-23.51452],[-46.59709,-23.51433],[-46.59738,-23.51433],[-46.59738,-23.51423],[-46.59824,-23.51423],[-46.59833,-23.51404],[-46.59853,-23.51404],[-46.59872,-23.51385],[-46.59881,-23.51308],[-46.59862,-23.51289],[-46.59862,-23.5127],[-46.59853,-23.5127],[-46.59862,-23.51212],[-46.59843,-23.51203],[-46.59853,-23.51174],[-46.59872,-23.51165],[-46.59872,-23.51145],[-46.59843,-23.51117],[-46.59824,-23.51117],[-46.59824,-23.51107],[-46.59661,-23.51107],[-46.59661,-23.51098],[-46.59632,-23.51098],[-46.59613,-23.51079],[-46.59585,-23.51079],[-46.59585,-23.51069],[-46.59566,-23.51069],[-46.59546,-23.5105],[-46.59546,-23.51059],[-46.59489,-23.51069],[-46.59489,-23.51079],[-46.5947,-23.51079],[-46.5947,-23.51069],[-46.59422,-23.51079],[-46.59412,-23.51098],[-46.59393,-23.51098],[-46.59384,-23.51145],[-46.59336,-23.51165],[-46.59336,-23.51174],[-46.5925,-23.51174],[-46.5925,-23.51184],[-46.59202,-23.51193],[-46.59202,-23.51203],[-46.59078,-23.51203],[-46.59078,-23.51212],[-46.59058,-23.51212],[-46.59039,-23.51232],[-46.59039,-23.51251],[-46.5902,-23.5126],[-46.5902,-23.51279],[-46.59001,-23.51299],[-46.58972,-23.51299],[-46.58972,-23.51308],[-46.58934,-23.51299],[-46.58934,-23.51308],[-46.58905,-23.51308],[-46.58886,-23.51327],[-46.58877,-23.51423],[-46.58848,-23.51452],[-46.58819,-23.51452],[-46.58819,-23.51461],[-46.58781,-23.51471],[-46.58781,-23.5148],[-46.58723,-23.5148],[-46.58676,-23.51413],[-46.58637,-23.51413],[-46.58628,-23.51423],[-46.58628,-23.51471],[-46.58637,-23.51471],[-46.58647,-23.51519],[-46.58656,-23.51519],[-46.58647,-23.51557],[-46.58618,-23.51567],[-46.58618,-23.51576],[-46.5857,-23.51576],[-46.5857,-23.51586],[-46.58551,-23.51586],[-46.58532,-23.51605],[-46.58532,-23.51643],[-46.58609,-23.5171],[-46.58609,-23.51806],[-46.58599,-23.51806],[-46.5859,-23.51844],[-46.58561,-23.51863],[-46.5857,-23.51921],[-46.5859,-23.5194],[-46.58599,-23.51997],[-46.58618,-23.52016],[-46.58618,-23.52064],[-46.58599,-23.52083],[-46.58599,-23.52131],[-46.58618,-23.5215],[-46.58618,-23.52208],[-46.58599,-23.52217],[-46.58599,-23.52265],[-46.58647,-23.52313],[-46.58666,-23.5237],[-46.58704,-23.52399],[-46.58704,-23.52428],[-46.58743,-23.52466],[-46.58743,-23.52485],[-46.58752,-23.52485],[-46.58762,-23.52523],[-46.58781,-23.52533],[-46.5879,-23.52571],[-46.5881,-23.52581],[-46.5881,-23.526],[-46.58781,-23.5259],[-46.58781,-23.52571],[-46.58743,-23.52543],[-46.58743,-23.52523],[-46.58685,-23.52466],[-46.58666,-23.52466],[-46.58647,-23.52523],[-46.58656,-23.52523],[-46.58676,-23.52571],[-46.58723,-23.5259],[-46.58771,-23.52648],[-46.58838,-23.52657],[-46.58867,-23.52629],[-46.58934,-23.52619],[-46.59049,-23.52734],[-46.59049,-23.52782],[-46.59039,-23.52782],[-46.59039,-23.52801],[-46.59011,-23.5283],[-46.58963,-23.5283],[-46.58924,-23.52791],[-46.58924,-23.5283],[-46.58896,-23.52839],[-46.58886,-23.52858],[-46.58819,-23.52858],[-46.58819,-23.52849],[-46.58714,-23.5283],[-46.58695,-23.52811],[-46.58695,-23.52791],[-46.58676,-23.52772],[-46.58656,-23.52772],[-46.58656,-23.52763],[-46.58637,-23.52763],[-46.58637,-23.52772],[-46.58551,-23.52772],[-46.58523,-23.52744],[-46.58408,-23.52744],[-46.58408,-23.52734],[-46.58389,-23.52734],[-46.58389,-23.52705],[-46.58398,-23.52705],[-46.58398,-23.52686],[-46.58417,-23.52667],[-46.58427,-23.5261],[-46.58436,-23.526],[-46.58532,-23.5261],[-46.58551,-23.52562],[-46.58561,-23.52562],[-46.58561,-23.52533],[-46.5857,-23.52533],[-46.5857,-23.52504],[-46.58542,-23.52495],[-46.58484,-23.52437],[-46.58475,-23.52389],[-46.58446,-23.5238],[-46.58408,-23.52342],[-46.5836,-23.52342],[-46.58341,-23.52389],[-46.58302,-23.52418],[-46.58302,-23.52466],[-46.58283,-23.52476],[-46.58283,-23.52514],[-46.58293,-23.52514],[-46.58283,-23.52552],[-46.58235,-23.52571],[-46.58207,-23.526],[-46.58159,-23.5261],[-46.58159,-23.52619],[-46.57996,-23.52619],[-46.57996,-23.5261],[-46.57968,-23.5261],[-46.57968,-23.526],[-46.57939,-23.526],[-46.5792,-23.52581],[-46.57853,-23.52571],[-46.57853,-23.52562],[-46.57795,-23.52571],[-46.57795,-23.52562],[-46.57767,-23.52562],[-46.57747,-23.52533],[-46.57661,-23.52533],[-46.57661,-23.52514],[-46.57642,-23.52495],[-46.57594,-23.52495],[-46.57594,-23.52504],[-46.57556,-23.52504],[-46.57556,-23.52495],[-46.57547,-23.52504],[-46.57346,-23.52495],[-46.57326,-23.52514],[-46.57298,-23.52514],[-46.57298,-23.52504],[-46.5725,-23.52495],[-46.5725,-23.52485],[-46.57231,-23.52485],[-46.57231,-23.52495],[-46.57221,-23.52485],[-46.57183,-23.52485],[-46.57183,-23.52456],[-46.57173,-23.52456],[-46.57173,-23.52236],[-46.57164,-23.52236],[-46.57164,-23.52045],[-46.57154,-23.52045],[-46.57154,-23.51815],[-46.57192,-23.51806],[-46.57212,-23.51787],[-46.57212,-23.51767],[-46.57259,-23.5172],[-46.57279,-23.5172],[-46.57298,-23.51701],[-46.57317,-23.51701],[-46.57317,-23.51691],[-46.57413,-23.51681],[-46.57413,-23.51672],[-46.5747,-23.51681],[-46.57547,-23.51595],[-46.57566,-23.51595],[-46.57661,-23.515],[-46.57613,-23.51519],[-46.57575,-23.51567],[-46.57556,-23.51567],[-46.57537,-23.51595],[-46.57518,-23.51595],[-46.57499,-23.51624],[-46.5748,-23.51624],[-46.5746,-23.51643],[-46.57393,-23.51653],[-46.57393,-23.51662],[-46.57346,-23.51662],[-46.57346,-23.51672],[-46.57279,-23.51672],[-46.57259,-23.51691],[-46.57202,-23.51691],[-46.57202,-23.51681],[-46.57173,-23.51672],[-46.57173,-23.51614],[-46.57183,-23.51614],[-46.57192,-23.51547],[-46.57183,-23.51547],[-46.57173,-23.515],[-46.57145,-23.5148],[-46.57145,-23.51442],[-46.57135,-23.51442],[-46.57135,-23.51404],[-46.57125,-23.51404],[-46.57106,-23.51461],[-46.57059,-23.5148],[-46.57049,-23.515],[-46.5703,-23.515],[-46.57001,-23.51528],[-46.56982,-23.51586],[-46.56972,-23.51586],[-46.56963,-23.51643],[-46.56972,-23.51643],[-46.56972,-23.51681],[-46.56982,-23.51681],[-46.56992,-23.51729],[-46.57001,-23.51729],[-46.57001,-23.51748],[-46.56992,-23.51748],[-46.56992,-23.51911],[-46.56963,-23.5194],[-46.56896,-23.5194],[-46.56867,-23.51968],[-46.5681,-23.52112],[-46.56743,-23.52179],[-46.56743,-23.52198],[-46.56714,-23.52227],[-46.56695,-23.52227],[-46.56695,-23.52236],[-46.56618,-23.52227],[-46.56561,-23.52284],[-46.56484,-23.52294],[-46.56484,-23.52284],[-46.56456,-23.52284],[-46.56456,-23.52275],[-46.56427,-23.52275],[-46.56427,-23.52265],[-46.56389,-23.52265],[-46.56389,-23.52256],[-46.56159,-23.52256],[-46.56149,-23.52227],[-46.5613,-23.52227],[-46.56121,-23.52246],[-46.56063,-23.52246],[-46.56054,-23.52227],[-46.56016,-23.52227],[-46.56016,-23.52217],[-46.55939,-23.52227],[-46.55939,-23.52236],[-46.55891,-23.52236],[-46.55872,-23.52217],[-46.55795,-23.52198],[-46.557,-23.52102],[-46.55681,-23.52102],[-46.55661,-23.52083],[-46.55652,-23.52035],[-46.55642,-23.52035],[-46.55642,-23.52016],[-46.55623,-23.51997],[-46.55623,-23.51968],[-46.55614,-23.51968],[-46.55614,-23.51834],[-46.55652,-23.51834],[-46.55652,-23.51815],[-46.55661,-23.51815],[-46.55661,-23.51796],[-46.55633,-23.51787],[-46.55633,-23.51739],[-46.55642,-23.51739],[-46.55652,-23.51672],[-46.55661,-23.51672],[-46.55661,-23.51614],[-46.55671,-23.51614],[-46.55671,-23.51567],[-46.55681,-23.51567],[-46.55681,-23.51442],[-46.5569,-23.51433],[-46.55681,-23.51433],[-46.55681,-23.51308],[-46.55671,-23.51308],[-46.55671,-23.51251],[-46.55661,-23.51251],[-46.55661,-23.51203],[-46.55671,-23.51193],[-46.55652,-23.51174],[-46.55652,-23.51155],[-46.55642,-23.51155],[-46.55633,-23.51088],[-46.55623,-23.51088],[-46.55623,-23.51059],[-46.55614,-23.51059],[-46.55614,-23.51031],[-46.55594,-23.51012],[-46.55594,-23.50983],[-46.55614,-23.50964],[-46.55642,-23.50964],[-46.55652,-23.50945],[-46.55671,-23.50945],[-46.557,-23.50906],[-46.55719,-23.50906],[-46.55795,-23.5083],[-46.55815,-23.5083],[-46.55815,-23.50811],[-46.55834,-23.50791],[-46.55853,-23.50791],[-46.55958,-23.50686],[-46.55977,-23.50571],[-46.55968,-23.50571],[-46.55968,-23.50533],[-46.55958,-23.50533],[-46.55958,-23.50504],[-46.55949,-23.50504],[-46.55949,-23.50428],[-46.55968,-23.50409],[-46.55968,-23.5039],[-46.55987,-23.5038],[-46.55987,-23.50361],[-46.56006,-23.50351],[-46.56006,-23.50332],[-46.56025,-23.50323],[-46.56025,-23.50303],[-46.56044,-23.50294],[-46.56054,-23.50256],[-46.56073,-23.50246],[-46.56092,-23.50198],[-46.56111,-23.50189],[-46.56121,-23.5015],[-46.5614,-23.50141],[-46.5614,-23.50112],[-46.56149,-23.50112],[-46.56169,-23.50055],[-46.56207,-23.50026],[-46.56216,-23.49949],[-46.56226,-23.49949],[-46.56216,-23.4994],[-46.56216,-23.49902],[-46.56188,-23.49873],[-46.56188,-23.49844],[-46.56169,-23.49825],[-46.56169,-23.49806],[-46.56159,-23.49806],[-46.56159,-23.49787],[-46.5614,-23.49777],[-46.5613,-23.49739],[-46.56111,-23.49729],[-46.56111,-23.4971],[-46.56092,-23.49701],[-46.56083,-23.49662],[-46.56063,-23.49643],[-46.56063,-23.49614],[-46.56054,-23.49614],[-46.56044,-23.49519],[-46.56035,-23.49519],[-46.56035,-23.49471],[-46.56025,-23.49471],[-46.56025,-23.49423],[-46.56016,-23.49423],[-46.56016,-23.4927],[-46.56006,-23.4927],[-46.56006,-23.49222],[-46.56016,-23.49222],[-46.56006,-23.49213],[-46.56006,-23.48906],[-46.56102,-23.48811],[-46.56111,-23.48715],[-46.56121,-23.48715],[-46.56121,-23.48677],[-46.5613,-23.48677],[-46.5613,-23.486],[-46.5614,-23.486],[-46.5614,-23.48562],[-46.56149,-23.48562],[-46.56159,-23.48418],[-46.56149,-23.48418],[-46.5614,-23.48351],[-46.5613,-23.48351],[-46.5613,-23.48256],[-46.5614,-23.48256],[-46.5613,-23.48198],[-46.56121,-23.48198],[-46.56121,-23.48313],[-46.56111,-23.48323],[-46.56121,-23.48323],[-46.5613,-23.48409],[-46.5614,-23.48409],[-46.5614,-23.48457],[-46.5613,-23.48457],[-46.5613,-23.48571],[-46.56121,-23.48571],[-46.56121,-23.48629],[-46.56111,-23.48629],[-46.56102,-23.48753],[-46.56092,-23.48753],[-46.56083,-23.48811],[-46.56044,-23.48849],[-46.56025,-23.48849],[-46.56006,-23.48868],[-46.56006,-23.48897],[-46.55996,-23.48897],[-46.55996,-23.48925],[-46.55987,-23.48925],[-46.55987,-23.49394],[-46.55996,-23.49394],[-46.55996,-23.49461],[-46.56006,-23.49461],[-46.56006,-23.49509],[-46.56016,-23.49509],[-46.56044,-23.49662],[-46.56063,-23.49681],[-46.56063,-23.49701],[-46.56083,-23.4971],[-46.56092,-23.49748],[-46.56111,-23.49758],[-46.5613,-23.49815],[-46.56149,-23.49825],[-46.56159,-23.49863],[-46.56178,-23.49873],[-46.56188,-23.49911],[-46.56197,-23.49911],[-46.56197,-23.4994],[-46.56207,-23.4994],[-46.56197,-23.50007],[-46.56149,-23.50045],[-46.5613,-23.50102],[-46.56111,-23.50112],[-46.56102,-23.5015],[-46.56083,-23.5016],[-46.56083,-23.50189],[-46.56054,-23.50208],[-46.56044,-23.50246],[-46.56025,-23.50256],[-46.56025,-23.50275],[-46.55996,-23.50303],[-46.55987,-23.50342],[-46.55958,-23.50361],[-46.55958,-23.5038],[-46.55939,-23.5039],[-46.55939,-23.50409],[-46.5592,-23.50428],[-46.55929,-23.50619],[-46.5592,-23.50619],[-46.5592,-23.50657],[-46.55901,-23.50677],[-46.55891,-23.50715],[-46.55843,-23.50763],[-46.55824,-23.50763],[-46.55815,-23.50782],[-46.55776,-23.50791],[-46.55767,-23.50811],[-46.55748,-23.50811],[-46.55728,-23.50839],[-46.55709,-23.50839],[-46.55642,-23.50906],[-46.55614,-23.50906],[-46.55614,-23.50868],[-46.55604,-23.50868],[-46.55604,-23.50945],[-46.55566,-23.50954],[-46.55566,-23.50935],[-46.55528,-23.50906],[-46.55528,-23.50887],[-46.55461,-23.5082],[-46.55441,-23.5082],[-46.55413,-23.50782],[-46.55394,-23.50782],[-46.55384,-23.50763],[-46.55346,-23.50753],[-46.55336,-23.50734],[-46.55317,-23.50734],[-46.55298,-23.50715],[-46.55269,-23.50715],[-46.5525,-23.50696],[-46.55193,-23.50686],[-46.55193,-23.50677],[-46.55164,-23.50677],[-46.55164,-23.50667],[-46.55078,-23.50657],[-46.55078,-23.50648],[-46.55011,-23.50648],[-46.55011,-23.50638],[-46.54944,-23.50638],[-46.54944,-23.50629],[-46.54848,-23.50629],[-46.54848,-23.50619],[-46.54733,-23.5061],[-46.54733,-23.506],[-46.54705,-23.506],[-46.54676,-23.50571],[-46.54685,-23.50523],[-46.54724,-23.50495],[-46.54724,-23.50428],[-46.54666,-23.5037],[-46.54647,-23.50323],[-46.54618,-23.50303],[-46.54618,-23.50284],[-46.54599,-23.50275],[-46.5459,-23.50208],[-46.54618,-23.50189],[-46.54618,-23.50169],[-46.54628,-23.50169],[-46.54628,-23.50189],[-46.54647,-23.50189],[-46.54666,-23.50122],[-46.54685,-23.50122],[-46.54733,-23.50074],[-46.54752,-23.50074],[-46.54772,-23.50045],[-46.54791,-23.50045],[-46.548,-23.49978],[-46.54762,-23.4994],[-46.54772,-23.49768],[-46.54743,-23.49787],[-46.54733,-23.49815],[-46.54695,-23.49815],[-46.54676,-23.49796],[-46.54676,-23.49777],[-46.54666,-23.49777],[-46.54666,-23.49748],[-46.54638,-23.49758],[-46.54638,-23.49768],[-46.54561,-23.49768],[-46.54552,-23.49748],[-46.54532,-23.49748],[-46.54408,-23.49624],[-46.54389,-23.49624],[-46.54264,-23.4949],[-46.54245,-23.4949],[-46.54245,-23.49461],[-46.54226,-23.49442],[-46.54226,-23.49423],[-46.54207,-23.49423],[-46.54207,-23.49404],[-46.54169,-23.49404],[-46.54169,-23.49375],[-46.54159,-23.49375],[-46.5414,-23.49318],[-46.5413,-23.49318],[-46.5413,-23.49289],[-46.54102,-23.49299],[-46.54102,-23.49289],[-46.54083,-23.49289],[-46.54083,-23.4928],[-46.54063,-23.4928],[-46.54063,-23.4927],[-46.54016,-23.49251],[-46.54016,-23.49232],[-46.54073,-23.49174],[-46.54188,-23.49165],[-46.54188,-23.49155],[-46.54226,-23.49155],[-46.54245,-23.49136],[-46.54284,-23.49136],[-46.54293,-23.49146],[-46.54284,-23.49117],[-46.54245,-23.49117],[-46.54245,-23.49126],[-46.54197,-23.49136],[-46.54197,-23.49146],[-46.54073,-23.49155],[-46.54073,-23.49165],[-46.54054,-23.49165],[-46.54016,-23.49203],[-46.54006,-23.49232],[-46.53987,-23.49232],[-46.5393,-23.49165],[-46.5391,-23.49165],[-46.5391,-23.49155],[-46.53863,-23.49136],[-46.53872,-23.49117],[-46.5391,-23.49107],[-46.5391,-23.49088],[-46.53882,-23.49088],[-46.53872,-23.49107],[-46.53853,-23.49107],[-46.53853,-23.49126],[-46.53805,-23.49126],[-46.53805,-23.49117],[-46.53776,-23.49117],[-46.53776,-23.49107],[-46.53757,-23.49107],[-46.53738,-23.49088],[-46.53719,-23.49088],[-46.53719,-23.49079],[-46.537,-23.49079],[-46.537,-23.49059],[-46.53681,-23.4904],[-46.5369,-23.48983],[-46.53709,-23.48983],[-46.53729,-23.48964],[-46.53757,-23.48964],[-46.53757,-23.48954],[-46.53796,-23.48954],[-46.53796,-23.48945],[-46.53901,-23.48935],[-46.53901,-23.48925],[-46.53767,-23.48935],[-46.53757,-23.48791],[-46.53748,-23.48791],[-46.53748,-23.48763],[-46.53738,-23.48763],[-46.53738,-23.48724],[-46.53719,-23.48715],[-46.53709,-23.48686],[-46.5369,-23.48686],[-46.53681,-23.48667],[-46.53652,-23.48667],[-46.53652,-23.48658],[-46.53633,-23.48658],[-46.53633,-23.48648],[-46.53595,-23.48638],[-46.53575,-23.48619],[-46.53537,-23.48619],[-46.53537,-23.48629],[-46.53566,-23.48629],[-46.53566,-23.48638],[-46.53585,-23.48638],[-46.53604,-23.48658],[-46.53623,-23.48658],[-46.53633,-23.48677],[-46.53585,-23.48705],[-46.53585,-23.48724],[-46.53566,-23.48734],[-46.53537,-23.48811],[-46.53509,-23.48839],[-46.5347,-23.48849],[-46.5347,-23.48858],[-46.53442,-23.48858],[-46.53442,-23.48868],[-46.53403,-23.48868],[-46.53384,-23.48849],[-46.53365,-23.48849],[-46.53346,-23.4882],[-46.53308,-23.48811],[-46.53308,-23.48801],[-46.53288,-23.48801],[-46.53269,-23.48782],[-46.53279,-23.48638],[-46.53269,-23.48638],[-46.5326,-23.48591],[-46.5325,-23.48591],[-46.5325,-23.48409],[-46.5326,-23.48409],[-46.5325,-23.4837],[-46.53212,-23.48361],[-46.53212,-23.48351],[-46.53164,-23.48351],[-46.53145,-23.4837],[-46.53145,-23.48399],[-46.53135,-23.48399],[-46.53145,-23.48466],[-46.53135,-23.48466],[-46.53126,-23.48533],[-46.53097,-23.48562],[-46.53078,-23.48562],[-46.53078,-23.48571],[-46.5304,-23.48571],[-46.52963,-23.48495],[-46.52944,-23.48495],[-46.52925,-23.48476],[-46.52858,-23.48409],[-46.52858,-23.4839],[-46.52839,-23.4839],[-46.52791,-23.48332],[-46.52772,-23.48332],[-46.52705,-23.48256],[-46.52686,-23.48256],[-46.52609,-23.48179],[-46.52599,-23.48122],[-46.5259,-23.48122],[-46.5258,-23.48074],[-46.52571,-23.48074],[-46.52571,-23.48036],[-46.5258,-23.48036],[-46.5258,-23.47997],[-46.5259,-23.47997],[-46.5259,-23.47969],[-46.52599,-23.47969],[-46.52599,-23.4794],[-46.52609,-23.4794],[-46.52609,-23.47911],[-46.52638,-23.47882],[-46.52638,-23.47863],[-46.52657,-23.47854],[-46.52676,-23.47739],[-46.52647,-23.47768],[-46.52638,-23.47854],[-46.52609,-23.47873],[-46.52609,-23.47892],[-46.5259,-23.47911],[-46.5259,-23.4794],[-46.52571,-23.47959],[-46.52571,-23.47978],[-46.52561,-23.47978],[-46.52561,-23.48093],[-46.52571,-23.48093],[-46.5258,-23.48131],[-46.52561,-23.48131],[-46.52561,-23.48122],[-46.52504,-23.48103],[-46.52504,-23.48093],[-46.52466,-23.48083],[-46.52446,-23.48064],[-46.52399,-23.48055],[-46.52399,-23.48064],[-46.52456,-23.48083],[-46.52456,-23.48093],[-46.52513,-23.48112],[-46.52513,-23.48122],[-46.52533,-23.48122],[-46.52542,-23.48141],[-46.52561,-23.48141],[-46.52714,-23.48303],[-46.52733,-23.48303],[-46.52791,-23.4837],[-46.5281,-23.4837],[-46.52973,-23.48543],[-46.52992,-23.48543],[-46.53049,-23.486],[-46.53078,-23.48591],[-46.53087,-23.48571],[-46.53107,-23.48571],[-46.53145,-23.48533],[-46.53154,-23.4839],[-46.53164,-23.4839],[-46.53164,-23.4837],[-46.53221,-23.4837],[-46.53241,-23.4839],[-46.53241,-23.48428],[-46.53231,-23.48428],[-46.53231,-23.48591],[-46.53241,-23.48591],[-46.53241,-23.48619],[-46.5325,-23.48619],[-46.5325,-23.48648],[-46.5326,-23.48648],[-46.5325,-23.48801],[-46.5326,-23.48811],[-46.53298,-23.48811],[-46.53308,-23.4883],[-46.53346,-23.48839],[-46.53375,-23.48878],[-46.53442,-23.48887],[-46.53461,-23.48868],[-46.53489,-23.48868],[-46.53499,-23.48849],[-46.53518,-23.48849],[-46.53556,-23.48811],[-46.53566,-23.48763],[-46.53585,-23.48753],[-46.53585,-23.48734],[-46.53614,-23.48705],[-46.53633,-23.48705],[-46.53633,-23.48696],[-46.537,-23.48705],[-46.53709,-23.48744],[-46.53719,-23.48744],[-46.53719,-23.48772],[-46.53729,-23.48772],[-46.53729,-23.48811],[-46.53738,-23.48811],[-46.53748,-23.48925],[-46.53729,-23.48945],[-46.53709,-23.48945],[-46.53709,-23.48954],[-46.5369,-23.48954],[-46.5369,-23.48964],[-46.53671,-23.48964],[-46.53652,-23.48983],[-46.53652,-23.49002],[-46.53642,-23.49002],[-46.53671,-23.49088],[-46.537,-23.49117],[-46.53719,-23.49117],[-46.53729,-23.49136],[-46.53776,-23.49146],[-46.53786,-23.49184],[-46.53815,-23.49155],[-46.53891,-23.49174],[-46.53987,-23.4927],[-46.54006,-23.4927],[-46.54016,-23.49289],[-46.54044,-23.49289],[-46.54063,-23.49308],[-46.54083,-23.49308],[-46.54083,-23.49318],[-46.54102,-23.49318],[-46.54121,-23.49337],[-46.54121,-23.49356],[-46.5413,-23.49356],[-46.5413,-23.49385],[-46.5414,-23.49385],[-46.5414,-23.49452],[-46.54159,-23.49452],[-46.54207,-23.495],[-46.54226,-23.495],[-46.54351,-23.49624],[-46.5437,-23.49624],[-46.54389,-23.49653],[-46.54408,-23.49653],[-46.54456,-23.49701],[-46.54437,-23.49729],[-46.54456,-23.49729],[-46.54456,-23.4972],[-46.54494,-23.49729],[-46.54542,-23.49787],[-46.54561,-23.49787],[-46.54628,-23.49854],[-46.54714,-23.49873],[-46.54733,-23.50035],[-46.54714,-23.50045],[-46.54714,-23.50064],[-46.54695,-23.50064],[-46.54666,-23.50093],[-46.54628,-23.50083],[-46.54599,-23.50112],[-46.5459,-23.50169],[-46.54561,-23.50189],[-46.54561,-23.50208],[-46.54542,-23.50227],[-46.54523,-23.50227],[-46.54532,-23.50246],[-46.54561,-23.50246],[-46.54571,-23.50284],[-46.54609,-23.50313],[-46.54609,-23.50332],[-46.54638,-23.50351],[-46.54638,-23.5037],[-46.54657,-23.5038],[-46.54657,-23.50399],[-46.54676,-23.50409],[-46.54676,-23.50428],[-46.54705,-23.50457],[-46.54695,-23.50495],[-46.54657,-23.50523],[-46.54647,-23.50552],[-46.54599,-23.50543],[-46.54552,-23.50485],[-46.54532,-23.50485],[-46.54465,-23.50418],[-46.54465,-23.50399],[-46.54427,-23.5037],[-46.54427,-23.50351],[-46.54398,-23.50323],[-46.54398,-23.50303],[-46.54379,-23.50294],[-46.54379,-23.50275],[-46.5436,-23.50256],[-46.54341,-23.50256],[-46.54322,-23.50217],[-46.54274,-23.50208],[-46.54245,-23.50169],[-46.54226,-23.50169],[-46.54188,-23.50131],[-46.54188,-23.50064],[-46.54178,-23.50064],[-46.54178,-23.50016],[-46.54169,-23.50016],[-46.5415,-23.4994],[-46.54111,-23.49902],[-46.54063,-23.49882],[-46.54044,-23.49854],[-46.54025,-23.49854],[-46.54006,-23.49825],[-46.53987,-23.49825],[-46.53977,-23.49806],[-46.53958,-23.49806],[-46.53939,-23.49777],[-46.5392,-23.49777],[-46.53891,-23.49748],[-46.53882,-23.4972],[-46.53805,-23.49653],[-46.53805,-23.49634],[-46.53786,-23.49624],[-46.53757,-23.49547],[-46.53719,-23.49509],[-46.537,-23.49509],[-46.5369,-23.4949],[-46.53662,-23.4949],[-46.53642,-23.49471],[-46.53623,-23.49471],[-46.53623,-23.49461],[-46.53595,-23.49461],[-46.53595,-23.49452],[-46.53528,-23.49461],[-46.53528,-23.49452],[-46.53489,-23.49442],[-46.53451,-23.49404],[-46.53451,-23.49385],[-46.53442,-23.49385],[-46.53442,-23.49289],[-46.53451,-23.49289],[-46.53451,-23.49241],[-46.53461,-23.49241],[-46.53461,-23.49203],[-46.5347,-23.49203],[-46.53489,-23.49126],[-46.53451,-23.49117],[-46.53442,-23.49079],[-46.53413,-23.49059],[-46.53403,-23.49031],[-46.53336,-23.49021],[-46.53336,-23.49012],[-46.53279,-23.49021],[-46.5326,-23.49002],[-46.53183,-23.49012],[-46.53183,-23.49002],[-46.53135,-23.49002],[-46.53135,-23.48992],[-46.53087,-23.48992],[-46.53087,-23.48983],[-46.53059,-23.48973],[-46.5304,-23.48916],[-46.53021,-23.48916],[-46.52992,-23.48887],[-46.52934,-23.48887],[-46.52934,-23.48868],[-46.52925,-23.48868],[-46.52925,-23.48849],[-46.52906,-23.4883],[-46.52906,-23.48734],[-46.52915,-23.48734],[-46.52915,-23.48705],[-46.52925,-23.48705],[-46.52925,-23.48677],[-46.52944,-23.48658],[-46.52944,-23.4861],[-46.52887,-23.48552],[-46.52858,-23.48543],[-46.52858,-23.48524],[-46.5281,-23.48476],[-46.52791,-23.48476],[-46.52781,-23.48457],[-46.52733,-23.48466],[-46.52676,-23.48409],[-46.52657,-23.48409],[-46.52657,-23.4839],[-46.52619,-23.48361],[-46.52619,-23.48342],[-46.5259,-23.48313],[-46.5259,-23.48294],[-46.52571,-23.48284],[-46.52571,-23.48265],[-46.52552,-23.48265],[-46.52552,-23.48256],[-46.52513,-23.48265],[-46.52513,-23.48236],[-46.52475,-23.48198],[-46.52446,-23.48198],[-46.52446,-23.48189],[-46.52408,-23.48179],[-46.52389,-23.48217],[-46.52341,-23.48236],[-46.52303,-23.48198],[-46.52274,-23.48198],[-46.52284,-23.48169],[-46.52332,-23.48169],[-46.52312,-23.48122],[-46.52265,-23.48122],[-46.52265,-23.48112],[-46.52198,-23.48122],[-46.5214,-23.48064],[-46.52102,-23.48064],[-46.52092,-23.48045],[-46.52044,-23.48045],[-46.52025,-23.47988],[-46.52006,-23.47988],[-46.51978,-23.47959],[-46.51949,-23.47959],[-46.5193,-23.4794],[-46.51891,-23.4794],[-46.51891,-23.48007],[-46.51882,-23.47997],[-46.51719,-23.48007],[-46.51719,-23.47997],[-46.51681,-23.47997],[-46.51681,-23.47988],[-46.51652,-23.47988],[-46.51652,-23.47978],[-46.51614,-23.47969],[-46.51595,-23.47949],[-46.51585,-23.47911],[-46.51576,-23.47911],[-46.51547,-23.47796],[-46.51528,-23.47787],[-46.51528,-23.47758],[-46.51518,-23.47758],[-46.51518,-23.47739],[-46.51509,-23.47739],[-46.51509,-23.4772],[-46.51499,-23.4772],[-46.5148,-23.47672],[-46.5147,-23.47672],[-46.5147,-23.4771],[-46.5148,-23.4771],[-46.5148,-23.47739],[-46.5149,-23.47739],[-46.5149,-23.47777],[-46.51499,-23.47777],[-46.51499,-23.47796],[-46.51518,-23.47806],[-46.51518,-23.47825],[-46.51547,-23.47854],[-46.51556,-23.4793],[-46.51643,-23.48016],[-46.51585,-23.48026],[-46.51556,-23.47997],[-46.51556,-23.47959],[-46.51528,-23.47988],[-46.51442,-23.47969],[-46.51442,-23.47959],[-46.51384,-23.47959],[-46.51384,-23.47949],[-46.51308,-23.47959],[-46.51289,-23.4794],[-46.5125,-23.4793],[-46.51241,-23.47911],[-46.51222,-23.47911],[-46.51202,-23.47882],[-46.51145,-23.47863],[-46.51145,-23.47854],[-46.51107,-23.47844],[-46.51107,-23.47835],[-46.50915,-23.47825],[-46.50915,-23.47815],[-46.50868,-23.47815],[-46.50868,-23.47806],[-46.50753,-23.47796],[-46.50753,-23.47787],[-46.50724,-23.47787],[-46.50724,-23.47777],[-46.50619,-23.47758],[-46.506,-23.47739],[-46.50561,-23.47739],[-46.50561,-23.47729],[-46.50504,-23.4772],[-46.50504,-23.4771],[-46.50447,-23.4771],[-46.50447,-23.47701],[-46.50418,-23.47701],[-46.50418,-23.47691],[-46.49959,-23.47672],[-46.49959,-23.47662],[-46.49901,-23.47662],[-46.49901,-23.47653],[-46.49777,-23.47643],[-46.49777,-23.47634],[-46.49662,-23.47614],[-46.49662,-23.47605],[-46.49614,-23.47605],[-46.49614,-23.47595],[-46.49423,-23.47586],[-46.49423,-23.47576],[-46.49298,-23.47567],[-46.49298,-23.47557],[-46.4927,-23.47557],[-46.4926,-23.47576],[-46.49241,-23.47576],[-46.49222,-23.47595],[-46.49164,-23.47605],[-46.49164,-23.47614],[-46.49049,-23.47643],[-46.49049,-23.47653],[-46.49011,-23.47653],[-46.48954,-23.4771],[-46.48925,-23.4771],[-46.48925,-23.4772],[-46.48896,-23.4772],[-46.48896,-23.47729],[-46.4881,-23.47729],[-46.4881,-23.4772],[-46.48782,-23.4771],[-46.48782,-23.47681],[-46.48772,-23.47681],[-46.48762,-23.47634],[-46.48753,-23.47634],[-46.48753,-23.47595],[-46.48743,-23.47595],[-46.48734,-23.47299],[-46.48724,-23.47299],[-46.48734,-23.47136],[-46.48743,-23.47136],[-46.48743,-23.4705],[-46.48753,-23.4705],[-46.48753,-23.46973],[-46.48762,-23.46973],[-46.48772,-23.46859],[-46.48762,-23.46859],[-46.48762,-23.46906],[-46.48753,-23.46906],[-46.48753,-23.46954],[-46.48743,-23.46954],[-46.48724,-23.47184],[-46.48715,-23.47184],[-46.48715,-23.4726],[-46.48705,-23.4726],[-46.48715,-23.47433],[-46.48724,-23.47433],[-46.48715,-23.47442],[-46.48715,-23.47595],[-46.48724,-23.47595],[-46.48724,-23.47634],[-46.48734,-23.47634],[-46.48724,-23.47672],[-46.48542,-23.47672],[-46.48523,-23.47653],[-46.48475,-23.47653],[-46.48475,-23.47662],[-46.48303,-23.47662],[-46.48303,-23.47672],[-46.48284,-23.47672],[-46.48284,-23.47662],[-46.48265,-23.47662],[-46.48265,-23.47672],[-46.48207,-23.47672],[-46.48207,-23.47662],[-46.48169,-23.47662],[-46.48169,-23.47672],[-46.48045,-23.47672],[-46.48045,-23.47662],[-46.47997,-23.47662],[-46.47997,-23.47672],[-46.47863,-23.47672],[-46.47863,-23.47681],[-46.47729,-23.47681],[-46.4771,-23.47662],[-46.47681,-23.47662],[-46.47681,-23.47672],[-46.47624,-23.47672],[-46.47624,-23.47681],[-46.47528,-23.47681],[-46.47423,-23.47787],[-46.47404,-23.47787],[-46.47375,-23.47825],[-46.47356,-23.47825],[-46.47318,-23.47863],[-46.4727,-23.47882],[-46.4726,-23.47902],[-46.47241,-23.47902],[-46.47212,-23.4794],[-46.47164,-23.47949],[-46.47164,-23.47959],[-46.47126,-23.47969],[-46.47126,-23.47978],[-46.47097,-23.47978],[-46.47078,-23.47997],[-46.47021,-23.48016],[-46.47021,-23.48026],[-46.46992,-23.48026],[-46.46992,-23.48036],[-46.46954,-23.48045],[-46.46925,-23.48074],[-46.46887,-23.48074],[-46.46868,-23.48112],[-46.46753,-23.48141],[-46.46734,-23.4816],[-46.46696,-23.4816],[-46.46676,-23.48179],[-46.46619,-23.48189],[-46.46619,-23.48198],[-46.46581,-23.48198],[-46.46581,-23.48208],[-46.46552,-23.48208],[-46.46552,-23.48217],[-46.46523,-23.48217],[-46.46523,-23.48227],[-46.46495,-23.48227],[-46.46495,-23.48236],[-46.46466,-23.48236],[-46.46466,-23.48246],[-46.46418,-23.48246],[-46.46418,-23.48256],[-46.4637,-23.48236],[-46.46361,-23.48256],[-46.46322,-23.48256],[-46.46322,-23.48265],[-46.46093,-23.48284],[-46.46093,-23.48275],[-46.45978,-23.48275],[-46.45978,-23.48265],[-46.45863,-23.48246],[-46.45863,-23.48236],[-46.45796,-23.48236],[-46.45796,-23.48246],[-46.45566,-23.48236],[-46.45566,-23.48227],[-46.45385,-23.48208],[-46.45385,-23.48198],[-46.45279,-23.48198],[-46.45279,-23.48189],[-46.45193,-23.48179],[-46.45193,-23.48169],[-46.45155,-23.48169],[-46.45155,-23.4816],[-46.4504,-23.48141],[-46.4504,-23.48131],[-46.44992,-23.48131],[-46.44992,-23.48122],[-46.44897,-23.48112],[-46.44897,-23.48103],[-46.44858,-23.48103],[-46.44858,-23.48093],[-46.44763,-23.48083],[-46.44763,-23.48074],[-46.44734,-23.48074],[-46.44734,-23.48064],[-46.44677,-23.48064],[-46.44677,-23.48055],[-46.44562,-23.48036],[-46.44562,-23.48026],[-46.44523,-23.48026],[-46.44523,-23.48016],[-46.4437,-23.47988],[-46.4437,-23.47978],[-46.44284,-23.47969],[-46.44265,-23.47949],[-46.44227,-23.47949],[-46.44227,-23.4794],[-46.44122,-23.4793],[-46.44122,-23.47921],[-46.44083,-23.47921],[-46.44074,-23.4794],[-46.44026,-23.47949],[-46.44007,-23.47988],[-46.4393,-23.47997],[-46.4393,-23.47988],[-46.43863,-23.47988],[-46.43863,-23.47978],[-46.43844,-23.47978],[-46.43787,-23.47921],[-46.43787,-23.47902],[-46.43768,-23.47882],[-46.43758,-23.47882],[-46.43758,-23.47902],[-46.43768,-23.47902],[-46.43768,-23.47921],[-46.43777,-23.47921],[-46.43777,-23.4794],[-46.43796,-23.47949],[-46.43806,-23.47978],[-46.43758,-23.47978],[-46.43739,-23.47959],[-46.4371,-23.47959],[-46.43701,-23.4794],[-46.43681,-23.4794],[-46.43653,-23.47911],[-46.43634,-23.47911],[-46.43614,-23.47892],[-46.43586,-23.47892],[-46.43586,-23.47902],[-46.43624,-23.47911],[-46.43634,-23.4793],[-46.43672,-23.4794],[-46.43681,-23.47959],[-46.4372,-23.47969],[-46.4372,-23.47978],[-46.43748,-23.47978],[-46.43748,-23.47988],[-46.43777,-23.47988],[-46.43777,-23.47997],[-46.4393,-23.48016],[-46.4393,-23.48026],[-46.44007,-23.48016],[-46.44026,-23.48036],[-46.44026,-23.48064],[-46.44035,-23.48064],[-46.44035,-23.48007],[-46.44055,-23.47988],[-46.44074,-23.47988],[-46.44093,-23.47959],[-46.44122,-23.47959],[-46.44122,-23.47949],[-46.44236,-23.47959],[-46.44236,-23.47969],[-46.44284,-23.47978],[-46.44284,-23.47988],[-46.44323,-23.47988],[-46.44323,-23.47997],[-46.44351,-23.47997],[-46.44351,-23.48007],[-46.4438,-23.48007],[-46.4438,-23.48016],[-46.44418,-23.48016],[-46.44418,-23.48026],[-46.44504,-23.48045],[-46.44523,-23.48064],[-46.44638,-23.48093],[-46.44657,-23.48112],[-46.44715,-23.48122],[-46.44734,-23.48141],[-46.44772,-23.4815],[-46.44782,-23.48169],[-46.44935,-23.48179],[-46.44935,-23.48189],[-46.45078,-23.48189],[-46.45078,-23.48198],[-46.45174,-23.48208],[-46.45174,-23.48217],[-46.4526,-23.48217],[-46.4526,-23.48227],[-46.45318,-23.48227],[-46.45318,-23.48236],[-46.45375,-23.48236],[-46.45375,-23.48246],[-46.45442,-23.48246],[-46.45442,-23.48256],[-46.4548,-23.48256],[-46.4548,-23.48265],[-46.45528,-23.48265],[-46.45528,-23.48275],[-46.45605,-23.48275],[-46.45605,-23.48284],[-46.45729,-23.48294],[-46.45729,-23.48313],[-46.4571,-23.48332],[-46.45729,-23.48332],[-46.45758,-23.48294],[-46.45787,-23.48294],[-46.45787,-23.48284],[-46.45911,-23.48284],[-46.45911,-23.48294],[-46.46007,-23.48303],[-46.46007,-23.48313],[-46.46035,-23.48313],[-46.46035,-23.48323],[-46.46179,-23.48323],[-46.46179,-23.48313],[-46.46227,-23.48313],[-46.46227,-23.48303],[-46.46322,-23.48303],[-46.46322,-23.48294],[-46.46389,-23.48294],[-46.46389,-23.48284],[-46.46466,-23.48284],[-46.46466,-23.48275],[-46.46552,-23.48265],[-46.46552,-23.48256],[-46.46648,-23.48256],[-46.46648,-23.48246],[-46.46696,-23.48236],[-46.46696,-23.48227],[-46.46724,-23.48227],[-46.46743,-23.48208],[-46.46772,-23.48208],[-46.46772,-23.48198],[-46.46801,-23.48198],[-46.4682,-23.48179],[-46.46849,-23.48179],[-46.46868,-23.4816],[-46.46944,-23.48131],[-46.46944,-23.48122],[-46.46983,-23.48122],[-46.46983,-23.48112],[-46.47021,-23.48112],[-46.47021,-23.48103],[-46.47078,-23.48103],[-46.47078,-23.48093],[-46.47136,-23.48083],[-46.47136,-23.48074],[-46.47193,-23.48055],[-46.47222,-23.48026],[-46.4727,-23.48016],[-46.47298,-23.47978],[-46.47327,-23.47978],[-46.47346,-23.47959],[-46.47385,-23.47949],[-46.47394,-23.4793],[-46.47452,-23.47911],[-46.47461,-23.47892],[-46.47643,-23.47854],[-46.47662,-23.47873],[-46.47777,-23.47902],[-46.47777,-23.47892],[-46.47806,-23.47892],[-46.47806,-23.47882],[-46.47825,-23.47882],[-46.47844,-23.47863],[-46.47892,-23.47854],[-46.4792,-23.47815],[-46.47949,-23.47815],[-46.47968,-23.47796],[-46.48016,-23.47796],[-46.48016,-23.47787],[-46.48045,-23.47796],[-46.48045,-23.47806],[-46.48073,-23.47806],[-46.48093,-23.47825],[-46.48207,-23.47825],[-46.48207,-23.47835],[-46.48236,-23.47835],[-46.48255,-23.47854],[-46.48274,-23.47854],[-46.48284,-23.47873],[-46.48303,-23.47873],[-46.48332,-23.47902],[-46.48332,-23.4793],[-46.4838,-23.47969],[-46.48389,-23.48007],[-46.48408,-23.48016],[-46.48408,-23.48036],[-46.48428,-23.48055],[-46.48533,-23.48074],[-46.48533,-23.48083],[-46.4859,-23.48093],[-46.48609,-23.48112],[-46.48657,-23.48112],[-46.48676,-23.48093],[-46.48676,-23.48064],[-46.48648,-23.48036],[-46.48609,-23.48026],[-46.48609,-23.48016],[-46.48466,-23.48007],[-46.48437,-23.47978],[-46.48418,-23.47921],[-46.48399,-23.47911],[-46.48399,-23.47844],[-46.48428,-23.47815],[-46.48428,-23.47796],[-46.48561,-23.47777],[-46.48561,-23.47787],[-46.486,-23.47796],[-46.48619,-23.47815],[-46.48648,-23.47815],[-46.48648,-23.47825],[-46.48734,-23.47825],[-46.48734,-23.47815],[-46.4881,-23.47806],[-46.4881,-23.47796],[-46.48896,-23.47787],[-46.48916,-23.47768],[-46.48944,-23.47768],[-46.48963,-23.47748],[-46.49002,-23.47748],[-46.49002,-23.47739],[-46.49174,-23.47729],[-46.49174,-23.4772],[-46.49289,-23.4772],[-46.49289,-23.47729],[-46.49537,-23.4772],[-46.49537,-23.47729],[-46.49671,-23.47729],[-46.49671,-23.47739],[-46.49834,-23.47739],[-46.49834,-23.47777],[-46.49825,-23.47787],[-46.49796,-23.47787],[-46.49796,-23.47796],[-46.49767,-23.47796],[-46.49767,-23.47806],[-46.49691,-23.47806],[-46.49691,-23.47815],[-46.49624,-23.47815],[-46.49624,-23.47825],[-46.49413,-23.47835],[-46.49413,-23.47844],[-46.49375,-23.47844],[-46.49317,-23.47902],[-46.49298,-23.47902],[-46.49279,-23.47921],[-46.49212,-23.47921],[-46.49193,-23.4794],[-46.49116,-23.4793],[-46.49088,-23.47902],[-46.49078,-23.47873],[-46.49011,-23.47873],[-46.48983,-23.47902],[-46.48992,-23.47949],[-46.48983,-23.47949],[-46.48973,-23.47988],[-46.48954,-23.47988],[-46.48954,-23.47997],[-46.4904,-23.47988],[-46.49069,-23.48016],[-46.49069,-23.48045],[-46.49059,-23.48045],[-46.49059,-23.48074],[-46.4904,-23.48083],[-46.4904,-23.48103],[-46.49021,-23.48112],[-46.49002,-23.48169],[-46.48973,-23.48198],[-46.48944,-23.48198],[-46.48954,-23.4815],[-46.48963,-23.4815],[-46.48963,-23.48093],[-46.48954,-23.48093],[-46.48944,-23.48055],[-46.48935,-23.48055],[-46.48944,-23.48007],[-46.48868,-23.48016],[-46.48868,-23.48026],[-46.4881,-23.48045],[-46.48791,-23.48064],[-46.48791,-23.48083],[-46.4881,-23.48064],[-46.48896,-23.48064],[-46.48896,-23.48074],[-46.48916,-23.48074],[-46.48935,-23.48093],[-46.48944,-23.4815],[-46.48935,-23.4815],[-46.48916,-23.48198],[-46.48877,-23.48236],[-46.48877,-23.48265],[-46.48906,-23.48275],[-46.48906,-23.48284],[-46.48944,-23.48275],[-46.48944,-23.48256],[-46.4903,-23.48169],[-46.49049,-23.48103],[-46.49069,-23.48083],[-46.49088,-23.48083],[-46.49088,-23.48074],[-46.49145,-23.48093],[-46.49183,-23.48131],[-46.4925,-23.48131],[-46.4925,-23.48122],[-46.4927,-23.48122],[-46.49289,-23.48103],[-46.49289,-23.48083],[-46.49308,-23.48074],[-46.49308,-23.48055],[-46.49317,-23.48055],[-46.49346,-23.4793],[-46.49375,-23.47921],[-46.49394,-23.47892],[-46.49413,-23.47892],[-46.49423,-23.47873],[-46.49442,-23.47873],[-46.49461,-23.47854],[-46.4949,-23.47854],[-46.4949,-23.47844],[-46.49681,-23.47844],[-46.49681,-23.47835],[-46.49805,-23.47825],[-46.49815,-23.47806],[-46.49863,-23.47806],[-46.49844,-23.47777],[-46.49853,-23.47777],[-46.49872,-23.47729],[-46.5014,-23.47739],[-46.5014,-23.47748],[-46.50188,-23.47748],[-46.50188,-23.47758],[-46.50284,-23.47768],[-46.50284,-23.47777],[-46.50341,-23.47777],[-46.50351,-23.47796],[-46.50389,-23.47806],[-46.50418,-23.47835],[-46.50447,-23.47835],[-46.50447,-23.47844],[-46.50466,-23.47844],[-46.50466,-23.47825],[-46.50485,-23.47825],[-46.50514,-23.47854],[-46.50542,-23.47854],[-46.50542,-23.47863],[-46.50485,-23.47863],[-46.50475,-23.47854],[-46.50475,-23.47873],[-46.50494,-23.47873],[-46.50504,-23.47921],[-46.50523,-23.47921],[-46.50523,-23.47949],[-46.50542,-23.47969],[-46.50542,-23.47997],[-46.50561,-23.48016],[-46.50571,-23.48055],[-46.5058,-23.48055],[-46.5058,-23.48026],[-46.50571,-23.48026],[-46.50571,-23.47997],[-46.50552,-23.47978],[-46.50542,-23.4793],[-46.50533,-23.4793],[-46.50533,-23.47921],[-46.50571,-23.47911],[-46.50571,-23.47892],[-46.506,-23.47892],[-46.506,-23.47882],[-46.50695,-23.47882],[-46.50695,-23.47892],[-46.50724,-23.47902],[-46.50734,-23.47882],[-46.50705,-23.47882],[-46.50705,-23.47873],[-46.50762,-23.47873],[-46.50762,-23.47882],[-46.5082,-23.47882],[-46.5082,-23.47892],[-46.50935,-23.47902],[-46.50935,-23.47911],[-46.50915,-23.47911],[-46.50925,-23.4793],[-46.50963,-23.4793],[-46.50963,-23.4794],[-46.50992,-23.4793],[-46.51002,-23.47949],[-46.50973,-23.47949],[-46.50963,-23.47969],[-46.50925,-23.47978],[-46.50925,-23.48007],[-46.50906,-23.48007],[-46.50906,-23.48026],[-46.50896,-23.48026],[-46.50906,-23.48045],[-46.50935,-23.48045],[-46.50935,-23.48036],[-46.50973,-23.48026],[-46.50973,-23.48016],[-46.5103,-23.48016],[-46.5104,-23.47997],[-46.51135,-23.48007],[-46.51135,-23.48016],[-46.51174,-23.48026],[-46.51212,-23.48064],[-46.51212,-23.48083],[-46.51222,-23.48083],[-46.51212,-23.48122],[-46.51202,-23.48122],[-46.51212,-23.4815],[-46.51193,-23.4815],[-46.51193,-23.48179],[-46.51183,-23.48179],[-46.51183,-23.48227],[-46.51202,-23.48246],[-46.51279,-23.48265],[-46.51279,-23.48275],[-46.51317,-23.48275],[-46.51336,-23.48256],[-46.51375,-23.48256],[-46.51375,-23.48265],[-46.51403,-23.48275],[-46.51394,-23.48294],[-46.51375,-23.48294],[-46.51356,-23.48275],[-46.51327,-23.48284],[-46.51298,-23.48313],[-46.51298,-23.48332],[-46.51279,-23.48342],[-46.51269,-23.4839],[-46.51212,-23.48428],[-46.5125,-23.48466],[-46.5125,-23.48485],[-46.51231,-23.48504],[-46.51231,-23.48552],[-46.51202,-23.48543],[-46.51193,-23.48514],[-46.51183,-23.48514],[-46.51183,-23.48485],[-46.51164,-23.48485],[-46.51155,-23.48514],[-46.51145,-23.48514],[-46.51145,-23.48543],[-46.51078,-23.48581],[-46.51088,-23.48629],[-46.51049,-23.48619],[-46.5104,-23.48648],[-46.50992,-23.48667],[-46.50992,-23.48696],[-46.5104,-23.48724],[-46.5104,-23.48753],[-46.51002,-23.48782],[-46.51002,-23.48811],[-46.51078,-23.48801],[-46.51078,-23.48811],[-46.51126,-23.4882],[-46.51145,-23.48839],[-46.51202,-23.48849],[-46.51202,-23.48858],[-46.51222,-23.48858],[-46.51241,-23.48878],[-46.51317,-23.4883],[-46.51317,-23.48811],[-46.51298,-23.48811],[-46.51279,-23.48791],[-46.51279,-23.48744],[-46.51289,-23.48744],[-46.51279,-23.48696],[-46.51298,-23.48696],[-46.51308,-23.48667],[-46.51346,-23.48638],[-46.51346,-23.48581],[-46.51308,-23.48571],[-46.51289,-23.48591],[-46.51289,-23.48562],[-46.51279,-23.48562],[-46.51279,-23.48543],[-46.51298,-23.48533],[-46.51298,-23.48495],[-46.51308,-23.48495],[-46.51327,-23.48524],[-46.51365,-23.48533],[-46.51365,-23.48552],[-46.51384,-23.48562],[-46.51384,-23.48581],[-46.51375,-23.48581],[-46.51384,-23.486],[-46.51423,-23.48591],[-46.51432,-23.4861],[-46.51451,-23.4861],[-46.51451,-23.48677],[-46.51461,-23.48677],[-46.51461,-23.48686],[-46.51394,-23.48686],[-46.51394,-23.48696],[-46.51375,-23.48677],[-46.51356,-23.48677],[-46.51356,-23.48686],[-46.51336,-23.48686],[-46.51308,-23.48715],[-46.51308,-23.48744],[-46.51336,-23.48744],[-46.51346,-23.48724],[-46.51375,-23.48724],[-46.51375,-23.48772],[-46.51384,-23.48782],[-46.51442,-23.48782],[-46.51432,-23.4883],[-46.5147,-23.48839],[-46.5148,-23.48858],[-46.51547,-23.48849],[-46.51556,-23.48811],[-46.51595,-23.48791],[-46.51595,-23.48811],[-46.51585,-23.48811],[-46.51585,-23.48887],[-46.51547,-23.48897],[-46.51547,-23.48887],[-46.51528,-23.48887],[-46.51509,-23.48868],[-46.5148,-23.48868],[-46.5147,-23.48925],[-46.51518,-23.48935],[-46.51518,-23.48945],[-46.51623,-23.48935],[-46.51623,-23.48906],[-46.51662,-23.48878],[-46.51681,-23.48791],[-46.51738,-23.48791],[-46.51738,-23.48782],[-46.51777,-23.48791],[-46.51777,-23.48839],[-46.51748,-23.48868],[-46.51729,-23.48868],[-46.51729,-23.48878],[-46.517,-23.48878],[-46.51671,-23.48906],[-46.51671,-23.48945],[-46.517,-23.48954],[-46.51719,-23.48906],[-46.51748,-23.48897],[-46.51729,-23.48945],[-46.5169,-23.48983],[-46.5169,-23.49031],[-46.517,-23.49031],[-46.51719,-23.49136],[-46.51748,-23.49146],[-46.51748,-23.49155],[-46.51796,-23.49165],[-46.51815,-23.49241],[-46.51834,-23.4926],[-46.51853,-23.4926],[-46.51872,-23.49289],[-46.51901,-23.49289],[-46.5192,-23.49241],[-46.51968,-23.49213],[-46.51978,-23.49155],[-46.51949,-23.49126],[-46.51815,-23.49126],[-46.51805,-23.49117],[-46.51805,-23.49079],[-46.51815,-23.49079],[-46.51834,-23.49002],[-46.51853,-23.49002],[-46.51853,-23.49069],[-46.51863,-23.49079],[-46.51949,-23.49079],[-46.51958,-23.49069],[-46.51958,-23.49012],[-46.51968,-23.49012],[-46.51968,-23.48935],[-46.51939,-23.48906],[-46.51949,-23.48906],[-46.51949,-23.48878],[-46.51968,-23.48868],[-46.51968,-23.48849],[-46.52016,-23.48811],[-46.52025,-23.48715],[-46.52054,-23.48705],[-46.52073,-23.48734],[-46.52092,-23.48734],[-46.52092,-23.48724],[-46.52159,-23.48715],[-46.52169,-23.48686],[-46.52207,-23.48696],[-46.52217,-23.48677],[-46.52236,-23.48677],[-46.52198,-23.48772],[-46.52188,-23.48772],[-46.52188,-23.48734],[-46.52178,-23.48724],[-46.5215,-23.48724],[-46.5214,-23.48744],[-46.52111,-23.48753],[-46.52121,-23.48811],[-46.5214,-23.48811],[-46.5214,-23.4882],[-46.52188,-23.48811],[-46.52188,-23.48849],[-46.52198,-23.48858],[-46.52255,-23.48858],[-46.52265,-23.48878],[-46.52312,-23.48887],[-46.52332,-23.48906],[-46.52332,-23.48925],[-46.52341,-23.48925],[-46.52341,-23.48945],[-46.52351,-23.48945],[-46.5236,-23.49021],[-46.52379,-23.49021],[-46.52389,-23.48992],[-46.52399,-23.48992],[-46.52389,-23.48945],[-46.52418,-23.48945],[-46.52418,-23.49012],[-46.52351,-23.49079],[-46.5236,-23.49193],[-46.52351,-23.49193],[-46.52341,-23.49251],[-46.52322,-23.4927],[-46.52274,-23.4928],[-46.52198,-23.49356],[-46.52198,-23.49413],[-46.52217,-23.49433],[-46.52217,-23.49452],[-46.52265,-23.49461],[-46.52265,-23.49471],[-46.5236,-23.49471],[-46.5236,-23.49461],[-46.52408,-23.49452],[-46.52446,-23.49413],[-46.52456,-23.49366],[-46.52466,-23.49366],[-46.52466,-23.49308],[-46.52446,-23.49289],[-46.52389,-23.49289],[-46.52379,-23.4926],[-46.52389,-23.49251],[-46.52456,-23.4926],[-46.52485,-23.49232],[-46.52494,-23.49117],[-46.52504,-23.49117],[-46.52504,-23.49088],[-46.52513,-23.49088],[-46.52513,-23.49059],[-46.52523,-23.49059],[-46.52523,-23.49021],[-46.52542,-23.49002],[-46.52542,-23.48964],[-46.52571,-23.48964],[-46.52571,-23.48973],[-46.5259,-23.48973],[-46.52619,-23.49002],[-46.52628,-23.49107],[-46.52666,-23.49136],[-46.52676,-23.49184],[-46.52714,-23.49193],[-46.52714,-23.49203],[-46.52772,-23.49213],[-46.52772,-23.49203],[-46.5282,-23.49203],[-46.5282,-23.49193],[-46.52858,-23.49184],[-46.52867,-23.49165],[-46.52925,-23.49165],[-46.52925,-23.49174],[-46.52963,-23.49174],[-46.52982,-23.49193],[-46.53001,-23.49193],[-46.53001,-23.49203],[-46.5303,-23.49203],[-46.53049,-23.49222],[-46.53068,-23.49222],[-46.53068,-23.49232],[-46.53126,-23.49241],[-46.53145,-23.4926],[-46.53164,-23.4926],[-46.53164,-23.4927],[-46.53193,-23.4927],[-46.53212,-23.49289],[-46.53231,-23.49289],[-46.53241,-23.49308],[-46.53298,-23.49327],[-46.53308,-23.49346],[-46.53279,-23.49346],[-46.53279,-23.49356],[-46.53154,-23.49346],[-46.53135,-23.49327],[-46.53078,-23.49327],[-46.53068,-23.49337],[-46.53068,-23.49366],[-46.53059,-23.49366],[-46.53059,-23.49394],[-46.53049,-23.49394],[-46.53049,-23.49423],[-46.5304,-23.49423],[-46.5304,-23.49461],[-46.53021,-23.4948],[-46.53011,-23.49557],[-46.53001,-23.49557],[-46.53021,-23.49614],[-46.5303,-23.49624],[-46.53068,-23.49624],[-46.53068,-23.49614],[-46.53212,-23.49624],[-46.53212,-23.49614],[-46.53241,-23.49614],[-46.53241,-23.49605],[-46.53327,-23.49605],[-46.53327,-23.49614],[-46.53384,-23.49624],[-46.53403,-23.49653],[-46.53442,-23.49662],[-46.53451,-23.49681],[-46.53499,-23.49672],[-46.53518,-23.49691],[-46.53509,-23.49701],[-46.53518,-23.4972],[-46.53575,-23.49739],[-46.53575,-23.49758],[-46.53595,-23.49758],[-46.53623,-23.49787],[-46.53652,-23.49787],[-46.53652,-23.49777],[-46.53671,-23.49777],[-46.537,-23.49748],[-46.537,-23.49768],[-46.53681,-23.49777],[-46.53681,-23.49796],[-46.53662,-23.49815],[-46.53681,-23.49835],[-46.537,-23.49835],[-46.53709,-23.49854],[-46.53729,-23.49854],[-46.53729,-23.49873],[-46.53863,-23.49997],[-46.53872,-23.50035],[-46.5391,-23.50074],[-46.5391,-23.50102],[-46.53949,-23.50141],[-46.54006,-23.5016],[-46.53997,-23.50189],[-46.54016,-23.50189],[-46.54044,-23.50227],[-46.54092,-23.50227],[-46.54121,-23.50256],[-46.54169,-23.50265],[-46.54188,-23.50284],[-46.54188,-23.50303],[-46.54245,-23.50323],[-46.54274,-23.50361],[-46.54322,-23.5038],[-46.5436,-23.50418],[-46.5436,-23.50447],[-46.54379,-23.50457],[-46.54379,-23.50476],[-46.54446,-23.50533],[-46.54446,-23.50552],[-46.54475,-23.50581],[-46.54494,-23.50581],[-46.54485,-23.50638],[-46.54475,-23.50638],[-46.54465,-23.50677],[-46.54437,-23.50705],[-46.54398,-23.50705],[-46.5437,-23.50677],[-46.5437,-23.50657],[-46.54341,-23.50629],[-46.54341,-23.5061],[-46.54312,-23.506],[-46.54303,-23.50581],[-46.54284,-23.50581],[-46.54178,-23.50466],[-46.54159,-23.50466],[-46.54159,-23.50457],[-46.5414,-23.50457],[-46.5414,-23.50466],[-46.5413,-23.50457],[-46.54044,-23.50457],[-46.54044,-23.50447],[-46.53977,-23.50437],[-46.53977,-23.50428],[-46.53939,-23.50428],[-46.53939,-23.50418],[-46.5391,-23.50418],[-46.5391,-23.50428],[-46.53997,-23.50447],[-46.53997,-23.50457],[-46.54035,-23.50457],[-46.54035,-23.50466],[-46.54092,-23.50466],[-46.54092,-23.50476],[-46.54159,-23.50476],[-46.54159,-23.50485],[-46.54178,-23.50485],[-46.54226,-23.50533],[-46.54226,-23.50552],[-46.54255,-23.50581],[-46.54293,-23.5059],[-46.54331,-23.50629],[-46.54341,-23.50667],[-46.5436,-23.50677],[-46.5436,-23.50696],[-46.54398,-23.50724],[-46.54408,-23.50763],[-46.54465,-23.5082],[-46.54542,-23.5083],[-46.54552,-23.50782],[-46.5459,-23.50782],[-46.54561,-23.50753],[-46.54513,-23.50753],[-46.54494,-23.50734],[-46.54475,-23.50734],[-46.54475,-23.50696],[-46.54494,-23.50677],[-46.54494,-23.50638],[-46.54523,-23.5061],[-46.54561,-23.5061],[-46.54599,-23.50648],[-46.54618,-23.50648],[-46.54638,-23.50667],[-46.54676,-23.50667],[-46.54676,-23.50677],[-46.54714,-23.50677],[-46.54714,-23.50686],[-46.55097,-23.50734],[-46.55097,-23.50744],[-46.55126,-23.50744],[-46.55126,-23.50753],[-46.55212,-23.50772],[-46.55212,-23.50782],[-46.55269,-23.50801],[-46.55269,-23.50811],[-46.55307,-23.5082],[-46.55317,-23.50839],[-46.55346,-23.50849],[-46.55346,-23.50868],[-46.55279,-23.50935],[-46.5526,-23.50935],[-46.5524,-23.50964],[-46.55212,-23.50964],[-46.55212,-23.50973],[-46.55126,-23.50964],[-46.55126,-23.50973],[-46.55183,-23.50983],[-46.55183,-23.50992],[-46.55269,-23.50973],[-46.55279,-23.50954],[-46.55298,-23.50954],[-46.55336,-23.50916],[-46.55336,-23.50897],[-46.55355,-23.50878],[-46.55394,-23.50878],[-46.55441,-23.50925],[-46.55441,-23.50945],[-46.5547,-23.50964],[-46.5547,-23.50983],[-46.55499,-23.51002],[-46.55508,-23.5104],[-46.55528,-23.51059],[-46.55528,-23.51088],[-46.55547,-23.51107],[-46.55547,-23.51145],[-46.55556,-23.51145],[-46.55556,-23.51165],[-46.55537,-23.51174],[-46.55537,-23.51203],[-46.55566,-23.51222],[-46.55566,-23.5126],[-46.55585,-23.5127],[-46.55575,-23.51461],[-46.55566,-23.51461],[-46.55566,-23.51528],[-46.55556,-23.51528],[-46.55556,-23.51595],[-46.55547,-23.51595],[-46.55547,-23.51614],[-46.55508,-23.51614],[-46.55508,-23.51605],[-46.55365,-23.51586],[-46.55365,-23.51576],[-46.55327,-23.51576],[-46.55327,-23.51567],[-46.5526,-23.51567],[-46.5526,-23.51576],[-46.55307,-23.51576],[-46.55307,-23.51586],[-46.55346,-23.51586],[-46.55346,-23.51595],[-46.55384,-23.51595],[-46.55384,-23.51605],[-46.55422,-23.51605],[-46.55422,-23.51614],[-46.55528,-23.51634],[-46.55528,-23.51729],[-46.55518,-23.51729],[-46.55518,-23.51796],[-46.55508,-23.51796],[-46.55508,-23.51968],[-46.55528,-23.51988],[-46.55528,-23.52035],[-46.55537,-23.52035],[-46.55537,-23.52074],[-46.55547,-23.52074],[-46.55547,-23.52141],[-46.55623,-23.52217],[-46.55633,-23.52246],[-46.557,-23.52294],[-46.557,-23.52332],[-46.55719,-23.52342],[-46.55719,-23.5237],[-46.55748,-23.52361],[-46.55748,-23.52351],[-46.55786,-23.52351],[-46.55805,-23.5237],[-46.55795,-23.52399],[-46.56035,-23.52389],[-46.56035,-23.52409],[-46.56092,-23.52409],[-46.56111,-23.52428],[-46.5614,-23.52418],[-46.56149,-23.52437],[-46.56169,-23.52437],[-46.56178,-23.52399],[-46.56207,-23.52399],[-46.56207,-23.52389],[-46.56398,-23.52399],[-46.56398,-23.52409],[-46.56446,-23.52409],[-46.56446,-23.52418],[-46.56475,-23.52418],[-46.56475,-23.52428],[-46.56504,-23.52428],[-46.56504,-23.52437],[-46.56532,-23.52437],[-46.56551,-23.52456],[-46.5658,-23.52456],[-46.5658,-23.52466],[-46.56599,-23.52466],[-46.56599,-23.52476],[-46.56618,-23.52476],[-46.56637,-23.52495],[-46.56676,-23.52504],[-46.56704,-23.52533],[-46.56704,-23.52581],[-46.56714,-23.5259],[-46.56762,-23.5259],[-46.56771,-23.5261],[-46.5681,-23.52619],[-46.56819,-23.52638],[-46.56838,-23.52638],[-46.56858,-23.52619],[-46.56858,-23.526],[-46.56867,-23.526],[-46.56867,-23.5261],[-46.56953,-23.52629],[-46.56972,-23.52648],[-46.5702,-23.52648],[-46.5702,-23.52657],[-46.57059,-23.52657],[-46.57059,-23.52667],[-46.57097,-23.52667],[-46.57097,-23.52677],[-46.5724,-23.52677],[-46.5724,-23.52686],[-46.57288,-23.52686],[-46.57288,-23.52696],[-46.57336,-23.52696],[-46.57336,-23.52705],[-46.57365,-23.52705],[-46.57384,-23.52724],[-46.57422,-23.52734],[-46.57422,-23.52744],[-46.57518,-23.52744],[-46.57518,-23.52734],[-46.57786,-23.52744],[-46.57795,-23.52724],[-46.57814,-23.52724],[-46.57814,-23.52734],[-46.57843,-23.52734],[-46.57843,-23.52744],[-46.57872,-23.52744],[-46.57872,-23.52753],[-46.57901,-23.52753],[-46.57901,-23.52763],[-46.57958,-23.52763],[-46.58015,-23.5282],[-46.58035,-23.5282],[-46.58035,-23.5283],[-46.5814,-23.5282],[-46.5814,-23.5283],[-46.58188,-23.5283],[-46.58188,-23.52839],[-46.58216,-23.5283],[-46.58216,-23.52839],[-46.58235,-23.52839],[-46.58235,-23.52858],[-46.58283,-23.52868],[-46.58283,-23.52887],[-46.58302,-23.52887],[-46.58312,-23.52906],[-46.58331,-23.52906],[-46.5835,-23.52925],[-46.58369,-23.53021],[-46.58389,-23.53011],[-46.58398,-23.52973],[-46.58408,-23.52973],[-46.58408,-23.52925],[-46.58417,-23.52916],[-46.58484,-23.52906],[-46.58484,-23.52916],[-46.58503,-23.52916],[-46.58523,-23.52935],[-46.58532,-23.52964],[-46.58503,-23.52992],[-46.58484,-23.52992],[-46.58484,-23.53011],[-46.58465,-23.53031],[-46.58436,-23.53031],[-46.58436,-23.5304],[-46.58408,-23.5305],[-46.58408,-23.53107],[-46.58436,-23.53136],[-46.58446,-23.53165],[-46.58532,-23.53155],[-46.58532,-23.53145],[-46.58609,-23.53145],[-46.58618,-23.53155],[-46.58637,-23.53136],[-46.58647,-23.53088],[-46.58656,-23.53088],[-46.58656,-23.53069],[-46.58676,-23.5305],[-46.58723,-23.5305],[-46.58743,-23.53031],[-46.58781,-23.53031],[-46.58781,-23.53021],[-46.58934,-23.53031],[-46.58953,-23.53059],[-46.58972,-23.53059],[-46.58991,-23.53088],[-46.59011,-23.53088],[-46.59049,-23.53126],[-46.59087,-23.53126],[-46.59087,-23.53117],[-46.59125,-23.53107],[-46.59125,-23.53098],[-46.59154,-23.53098],[-46.59154,-23.53088],[-46.59202,-23.53088],[-46.59202,-23.53098],[-46.59259,-23.53098],[-46.59259,-23.53107],[-46.59278,-23.53107],[-46.59307,-23.53136],[-46.59345,-23.53136],[-46.59345,-23.53126],[-46.59365,-23.53126],[-46.59384,-23.53107],[-46.59384,-23.53088],[-46.59432,-23.5304],[-46.59556,-23.5305],[-46.59594,-23.52935],[-46.59613,-23.52916],[-46.59632,-23.52916],[-46.59632,-23.52906],[-46.59661,-23.52906],[-46.5968,-23.52887],[-46.59719,-23.52878],[-46.59719,-23.52868],[-46.59747,-23.52868],[-46.59747,-23.52849],[-46.59766,-23.5283],[-46.59786,-23.5283],[-46.59833,-23.52878],[-46.59881,-23.52878],[-46.59891,-23.52887],[-46.59891,-23.53002],[-46.5991,-23.53021],[-46.5991,-23.53059],[-46.59929,-23.53078],[-46.59987,-23.53078],[-46.60006,-23.53059],[-46.60006,-23.5304],[-46.60015,-23.5304],[-46.60015,-23.53011],[-46.60044,-23.53002],[-46.60044,-23.52992],[-46.60073,-23.52992],[-46.60082,-23.53002],[-46.60082,-23.53078],[-46.60159,-23.53098],[-46.60187,-23.53126],[-46.60207,-23.53107],[-46.60264,-23.53088],[-46.60274,-23.53069],[-46.60331,-23.53059],[-46.6036,-23.53088],[-46.60398,-23.53098],[-46.60436,-23.53145],[-46.60484,-23.53155],[-46.60484,-23.53145],[-46.60503,-23.53145],[-46.60503,-23.53117],[-46.60513,-23.53117],[-46.60513,-23.5304],[-46.60522,-23.5304],[-46.60522,-23.53021],[-46.60551,-23.53002],[-46.6057,-23.52954],[-46.60609,-23.52925],[-46.60609,-23.52906],[-46.60647,-23.52868],[-46.60723,-23.52878],[-46.60762,-23.52925],[-46.60809,-23.52944],[-46.60819,-23.52964],[-46.60838,-23.52964],[-46.60876,-23.53011],[-46.60943,-23.53021],[-46.60943,-23.53011],[-46.61001,-23.52992],[-46.6103,-23.52964],[-46.6103,-23.52887],[-46.61039,-23.52887],[-46.61039,-23.52868],[-46.61058,-23.52849],[-46.61097,-23.52839],[-46.61125,-23.52811],[-46.61173,-23.52801],[-46.61183,-23.52782],[-46.6124,-23.52791],[-46.61259,-23.52811],[-46.61317,-23.52811],[-46.61326,-23.52724],[-46.61384,-23.52705],[-46.61431,-23.52657],[-46.61537,-23.52667],[-46.61556,-23.52619],[-46.61575,-23.5261],[-46.61575,-23.52533],[-46.61594,-23.52514],[-46.61613,-23.52514],[-46.61642,-23.52476],[-46.61718,-23.52476],[-46.61728,-23.52495],[-46.61757,-23.52504],[-46.61766,-23.52543],[-46.61814,-23.52562],[-46.61814,-23.52581],[-46.61833,-23.5259],[-46.61833,-23.52619],[-46.61843,-23.52619],[-46.61843,-23.5282],[-46.61833,-23.5282],[-46.61824,-23.52868],[-46.61814,-23.52868],[-46.61824,-23.52935],[-46.6191,-23.53021],[-46.61919,-23.53059],[-46.61939,-23.53069],[-46.61948,-23.53155],[-46.61986,-23.53165],[-46.61996,-23.53203],[-46.62025,-23.53203],[-46.62053,-23.53241],[-46.62073,-23.53241],[-46.6213,-23.53318],[-46.62149,-23.53318],[-46.62197,-23.53366],[-46.62302,-23.53385],[-46.62312,-23.53394],[-46.62302,-23.53433],[-46.62321,-23.53452],[-46.62379,-23.53452],[-46.62388,-23.53461],[-46.62388,-23.53452],[-46.62407,-23.53452],[-46.62436,-23.53423],[-46.62427,-23.53346],[-46.62446,-23.53327],[-46.62446,-23.53308],[-46.62494,-23.5326],[-46.62494,-23.53241],[-46.62513,-23.53241],[-46.62541,-23.53212],[-46.62541,-23.53193],[-46.62561,-23.53184],[-46.62551,-23.53222],[-46.62541,-23.53222],[-46.62522,-23.53279],[-46.62513,-23.53279],[-46.62513,-23.53308],[-46.62503,-23.53308],[-46.62503,-23.53461],[-46.62513,-23.53461],[-46.62513,-23.53499],[-46.62522,-23.53499],[-46.62532,-23.53547],[-46.62551,-23.53557],[-46.6258,-23.53633],[-46.62589,-23.53633],[-46.62618,-23.53748],[-46.62628,-23.53748],[-46.62647,-23.53806],[-46.62666,-23.53815],[-46.62694,-23.53892],[-46.62704,-23.53892],[-46.62704,-23.53911],[-46.62723,-23.5393],[-46.62723,-23.53959],[-46.62733,-23.53959],[-46.62733,-23.53978],[-46.62742,-23.53978],[-46.62742,-23.53997],[-46.62761,-23.54016],[-46.62761,-23.54045],[-46.62781,-23.54064],[-46.628,-23.54121],[-46.62809,-23.54121],[-46.62809,-23.5415],[-46.62828,-23.54169],[-46.62828,-23.54188],[-46.62838,-23.54188],[-46.62838,-23.54217],[-46.62848,-23.54217],[-46.62857,-23.54255],[-46.62867,-23.54255],[-46.62867,-23.54275],[-46.62886,-23.54294],[-46.62886,-23.54332],[-46.62895,-23.54332],[-46.62895,-23.5437],[-46.62905,-23.5437],[-46.62905,-23.54504],[-46.62895,-23.54504],[-46.62886,-23.5461],[-46.62876,-23.5461],[-46.62876,-23.54648],[-46.62867,-23.54648],[-46.62857,-23.54705],[-46.62838,-23.54724],[-46.62838,-23.54743],[-46.62828,-23.54743],[-46.62828,-23.54763],[-46.62819,-23.54763],[-46.628,-23.5482],[-46.62781,-23.5483],[-46.62781,-23.54849],[-46.62761,-23.54858],[-46.62761,-23.54877],[-46.62733,-23.54906],[-46.62733,-23.54925],[-46.62714,-23.54935],[-46.62694,-23.54992],[-46.62675,-23.55002],[-46.62675,-23.55031],[-46.62666,-23.55031],[-46.62656,-23.55069],[-46.62647,-23.55069],[-46.62647,-23.55088],[-46.62628,-23.55107],[-46.62628,-23.55136],[-46.62618,-23.55136],[-46.62608,-23.55184],[-46.62599,-23.55184],[-46.62599,-23.55212],[-46.62589,-23.55212],[-46.62589,-23.55241],[-46.6258,-23.55241],[-46.62561,-23.55318],[-46.6258,-23.55318],[-46.62589,-23.55289],[-46.62608,-23.55279],[-46.62608,-23.55251],[-46.62628,-23.55232],[-46.62637,-23.55174],[-46.62656,-23.55155],[-46.62666,-23.55107],[-46.62675,-23.55107],[-46.62675,-23.55078],[-46.62685,-23.55078],[-46.62694,-23.5504],[-46.62714,-23.55021],[-46.62723,-23.54983],[-46.62742,-23.54973],[-46.62752,-23.54935],[-46.6279,-23.54897],[-46.628,-23.54858],[-46.62838,-23.5482],[-46.62857,-23.54763],[-46.62876,-23.54743],[-46.62876,-23.54715],[-46.62895,-23.54696],[-46.62905,-23.54629],[-46.62915,-23.54629],[-46.62915,-23.54581],[-46.62924,-23.54581],[-46.62924,-23.54523],[-46.62934,-23.54523],[-46.62934,-23.54342],[-46.62924,-23.54342],[-46.62924,-23.54303],[-46.62915,-23.54303],[-46.62905,-23.54255],[-46.62895,-23.54255],[-46.62895,-23.54227],[-46.62876,-23.54208],[-46.62876,-23.54179],[-46.62857,-23.5416],[-46.62848,-23.54121],[-46.62828,-23.54102],[-46.62828,-23.54074],[-46.62819,-23.54074],[-46.62809,-23.54035],[-46.628,-23.54035],[-46.628,-23.54007],[-46.6279,-23.54007],[-46.62781,-23.53968],[-46.62761,-23.53949],[-46.62752,-23.53911],[-46.62742,-23.53911],[-46.62742,-23.53882],[-46.62723,-23.53863],[-46.62714,-23.53806],[-46.62704,-23.53806],[-46.62704,-23.53777],[-46.62685,-23.53758],[-46.62685,-23.53729],[-46.62666,-23.5371],[-46.62647,-23.53653],[-46.62628,-23.53643],[-46.62618,-23.53605],[-46.62599,-23.53586],[-46.62599,-23.53557],[-46.6258,-23.53538],[-46.6258,-23.53509],[-46.62561,-23.5349],[-46.62561,-23.53461],[-46.62551,-23.53461],[-46.62551,-23.53327],[-46.6257,-23.53337],[-46.62561,-23.53299],[-46.62618,-23.5327],[-46.62628,-23.53232],[-46.62694,-23.53222],[-46.62704,-23.53203],[-46.62723,-23.53203],[-46.62761,-23.53165],[-46.62771,-23.53078],[-46.62781,-23.53078],[-46.62781,-23.53059],[-46.628,-23.53059],[-46.628,-23.5304],[-46.62819,-23.53031],[-46.62819,-23.53011],[-46.62838,-23.52992],[-46.62838,-23.52954],[-46.62848,-23.52954],[-46.62848,-23.52925],[-46.62857,-23.52925],[-46.62857,-23.52887],[-46.62876,-23.52878],[-46.62876,-23.52849],[-46.62905,-23.5282],[-46.62943,-23.52811],[-46.62943,-23.52782],[-46.62953,-23.52782],[-46.62953,-23.52753],[-46.62962,-23.52753],[-46.62972,-23.52715],[-46.6302,-23.52677],[-46.63039,-23.52629],[-46.63058,-23.52629],[-46.63058,-23.52571],[-46.63029,-23.52562],[-46.63039,-23.52552],[-46.63039,-23.52514],[-46.63029,-23.52504],[-46.63068,-23.52495],[-46.63077,-23.52476],[-46.63096,-23.52476],[-46.63096,-23.52514],[-46.63116,-23.52533],[-46.63116,-23.52562],[-46.63077,-23.52562],[-46.63077,-23.52571],[-46.63135,-23.52571],[-46.63144,-23.5261],[-46.6323,-23.52619],[-46.63221,-23.52667],[-46.63249,-23.52696],[-46.63269,-23.52696],[-46.63288,-23.52724],[-46.63326,-23.52724],[-46.63326,-23.52734],[-46.63422,-23.52724],[-46.63431,-23.52744],[-46.63613,-23.52753],[-46.63632,-23.52772],[-46.63671,-23.52772],[-46.63671,-23.52753],[-46.63699,-23.52744],[-46.63699,-23.52734],[-46.63747,-23.52734],[-46.63747,-23.52724],[-46.63776,-23.52724],[-46.63776,-23.52715],[-46.63824,-23.52715],[-46.63843,-23.52696],[-46.63843,-23.52667],[-46.63852,-23.52667],[-46.63852,-23.52638],[-46.63862,-23.52638],[-46.63862,-23.52581],[-46.63852,-23.52581],[-46.63852,-23.52552],[-46.63833,-23.52543],[-46.63833,-23.52495],[-46.63862,-23.52466],[-46.63919,-23.52456],[-46.63938,-23.52428],[-46.63986,-23.52409],[-46.63996,-23.52389],[-46.64015,-23.52389],[-46.64025,-23.5237],[-46.64111,-23.5237],[-46.64111,-23.5238],[-46.6413,-23.5238],[-46.64159,-23.52409],[-46.6435,-23.52418],[-46.64379,-23.52447],[-46.64398,-23.52447],[-46.64417,-23.52466],[-46.64455,-23.52466],[-46.64465,-23.52485],[-46.64522,-23.52504],[-46.64532,-23.52533],[-46.64589,-23.52552],[-46.64589,-23.52562],[-46.64637,-23.52571],[-46.64656,-23.526],[-46.64685,-23.5261],[-46.64694,-23.52648],[-46.64771,-23.52657],[-46.648,-23.52686],[-46.64828,-23.52686],[-46.64828,-23.52696],[-46.65039,-23.52686],[-46.65058,-23.52715],[-46.65077,-23.52715],[-46.65087,-23.52744],[-46.65106,-23.52744],[-46.65115,-23.52763],[-46.65173,-23.52782],[-46.65201,-23.52811],[-46.65221,-23.52811],[-46.65221,-23.52801],[-46.65259,-23.52801],[-46.65259,-23.52811],[-46.65297,-23.52811],[-46.65297,-23.52801],[-46.65422,-23.52801],[-46.65422,-23.52811],[-46.65441,-23.52811],[-46.65441,-23.52868],[-46.65489,-23.52858],[-46.65489,-23.52849],[-46.65546,-23.52858],[-46.65603,-23.52791],[-46.65699,-23.52772],[-46.65728,-23.52734],[-46.65833,-23.52724],[-46.65871,-23.52686],[-46.65919,-23.52677],[-46.65929,-23.52657],[-46.65948,-23.52657],[-46.65957,-23.52638],[-46.66015,-23.52629],[-46.66015,-23.52619],[-46.66053,-23.52619],[-46.66053,-23.5261],[-46.66139,-23.5261],[-46.66139,-23.52619],[-46.66158,-23.52619],[-46.66158,-23.5261],[-46.66216,-23.5261],[-46.66216,-23.52619],[-46.66254,-23.52619],[-46.66254,-23.5261],[-46.66311,-23.5261],[-46.66311,-23.52619],[-46.66455,-23.5261],[-46.66455,-23.52619],[-46.66474,-23.52619],[-46.66493,-23.52638],[-46.66503,-23.52677],[-46.66417,-23.52677],[-46.66407,-23.52667],[-46.66398,-23.52686],[-46.6634,-23.52686],[-46.66311,-23.52724],[-46.66398,-23.52753],[-46.66445,-23.52801],[-46.66465,-23.52801],[-46.66455,-23.52791],[-46.66465,-23.52715],[-46.66512,-23.52715],[-46.66541,-23.52753],[-46.66599,-23.52772],[-46.66618,-23.52791],[-46.66646,-23.52791],[-46.66646,-23.52801],[-46.66771,-23.52791],[-46.66771,-23.52782],[-46.6679,-23.52782],[-46.66819,-23.52753],[-46.66886,-23.52753],[-46.66886,-23.52734],[-46.66905,-23.52715],[-46.66905,-23.52686],[-46.66914,-23.52686],[-46.66914,-23.5259],[-46.66943,-23.5259],[-46.66962,-23.52571],[-46.66962,-23.52552],[-46.66972,-23.52552],[-46.66972,-23.52533],[-46.66991,-23.52533],[-46.6701,-23.52514],[-46.67039,-23.52514],[-46.67039,-23.52504],[-46.67096,-23.52504],[-46.67106,-23.52533],[-46.67201,-23.52543],[-46.67211,-23.52562],[-46.6724,-23.52562],[-46.6724,-23.52552],[-46.67297,-23.52543],[-46.67297,-23.52533],[-46.67345,-23.52533],[-46.67345,-23.52523],[-46.67498,-23.52514],[-46.67498,-23.52504],[-46.67536,-23.52504],[-46.67536,-23.52495],[-46.67642,-23.52495],[-46.67642,-23.52485],[-46.6768,-23.52476],[-46.6768,-23.52466],[-46.67709,-23.52466],[-46.67709,-23.52476],[-46.67747,-23.52466],[-46.67766,-23.52485],[-46.67804,-23.52485],[-46.67804,-23.52476],[-46.67833,-23.52476],[-46.67833,-23.52466],[-46.67852,-23.52466],[-46.67871,-23.52447],[-46.679,-23.52447],[-46.67919,-23.52428],[-46.67919,-23.52399],[-46.67957,-23.52389],[-46.67996,-23.52351],[-46.67996,-23.52313],[-46.68015,-23.52294],[-46.68043,-23.52294],[-46.68043,-23.52284],[-46.68063,-23.52284],[-46.68082,-23.52265],[-46.68082,-23.52246],[-46.68063,-23.52246],[-46.68063,-23.52236],[-46.68024,-23.52246],[-46.68024,-23.52256],[-46.67986,-23.52246],[-46.67976,-23.52189],[-46.67967,-23.52189],[-46.67967,-23.52074],[-46.67948,-23.52055],[-46.67948,-23.52026],[-46.67967,-23.52007],[-46.68015,-23.51997],[-46.68015,-23.51968],[-46.67986,-23.51968],[-46.67986,-23.51959],[-46.67948,-23.51949],[-46.67948,-23.51892],[-46.68034,-23.51796],[-46.68053,-23.51796],[-46.68072,-23.51777],[-46.6811,-23.51777],[-46.6811,-23.51767],[-46.68177,-23.51758],[-46.68177,-23.51748],[-46.68225,-23.51748],[-46.68225,-23.51739],[-46.68302,-23.51739],[-46.68311,-23.51748],[-46.68302,-23.51863],[-46.6833,-23.51873],[-46.6834,-23.51911],[-46.68388,-23.51911],[-46.68436,-23.51863],[-46.68455,-23.51863],[-46.68464,-23.52102],[-46.68474,-23.52112],[-46.68512,-23.52102],[-46.68512,-23.52093],[-46.6856,-23.52093],[-46.6856,-23.52083],[-46.68627,-23.52074],[-46.68627,-23.52064],[-46.68646,-23.52064],[-46.68656,-23.52035],[-46.68713,-23.52035],[-46.68713,-23.52026],[-46.68751,-23.52026],[-46.68751,-23.52016],[-46.6879,-23.52016],[-46.6879,-23.52026],[-46.68818,-23.52026],[-46.68818,-23.52035],[-46.68895,-23.52035],[-46.68895,-23.52045],[-46.68924,-23.52045],[-46.68924,-23.52055],[-46.6901,-23.52055],[-46.69029,-23.52074],[-46.69029,-23.52093],[-46.69106,-23.52102],[-46.69106,-23.52112],[-46.69268,-23.52112],[-46.69268,-23.52102],[-46.69345,-23.52093],[-46.69364,-23.52074],[-46.69383,-23.52074],[-46.69402,-23.52055],[-46.69402,-23.52035],[-46.69421,-23.52035],[-46.6945,-23.52007],[-46.69469,-23.52007],[-46.69469,-23.52016],[-46.69479,-23.52007],[-46.69498,-23.52007],[-46.69498,-23.52016],[-46.69594,-23.52007],[-46.69613,-23.51959],[-46.69641,-23.5193],[-46.69699,-23.51911],[-46.69737,-23.51873],[-46.69747,-23.51844],[-46.69794,-23.51844],[-46.69842,-23.51767],[-46.699,-23.51777],[-46.699,-23.51787],[-46.69928,-23.51787],[-46.69928,-23.51796],[-46.69957,-23.51796],[-46.69957,-23.51806],[-46.69995,-23.51806],[-46.69995,-23.51815],[-46.70082,-23.51825],[-46.70091,-23.51796],[-46.70101,-23.51796],[-46.70101,-23.51767],[-46.7012,-23.51767],[-46.7012,-23.51758],[-46.70168,-23.51739],[-46.70168,-23.5172],[-46.70196,-23.51701],[-46.70206,-23.51662],[-46.70235,-23.51643],[-46.70244,-23.51605],[-46.70282,-23.51567],[-46.70321,-23.51557],[-46.7034,-23.51538],[-46.70349,-23.51442],[-46.70359,-23.51433],[-46.70397,-23.51433],[-46.70397,-23.51385],[-46.70445,-23.51375],[-46.70455,-23.51318],[-46.70512,-23.51308],[-46.70531,-23.51327],[-46.70522,-23.51356],[-46.7055,-23.51356],[-46.7055,-23.51366],[-46.70579,-23.51366],[-46.70579,-23.51375],[-46.70656,-23.51366],[-46.70656,-23.51356],[-46.70704,-23.51356],[-46.70704,-23.51375],[-46.70723,-23.51394],[-46.70761,-23.51413],[-46.7077,-23.51375],[-46.70723,-23.51356],[-46.70713,-23.51318],[-46.70704,-23.51327],[-46.70637,-23.51327],[-46.70617,-23.51308],[-46.7057,-23.51299],[-46.7057,-23.51279],[-46.7055,-23.5127],[-46.7055,-23.51212],[-46.7057,-23.51193],[-46.7057,-23.51174],[-46.70579,-23.51174],[-46.70589,-23.51126],[-46.70637,-23.51117],[-46.70627,-23.51088],[-46.70637,-23.51088],[-46.70637,-23.51069],[-46.70656,-23.51069],[-46.70656,-23.5105],[-46.70675,-23.51031],[-46.7078,-23.51021],[-46.7079,-23.51012],[-46.7079,-23.51059],[-46.70809,-23.51079],[-46.70809,-23.51098],[-46.70828,-23.51107],[-46.70828,-23.51126],[-46.70857,-23.51145],[-46.70857,-23.51174],[-46.70866,-23.51174],[-46.70866,-23.51193],[-46.70885,-23.51212],[-46.70885,-23.51241],[-46.70895,-23.51241],[-46.70895,-23.5127],[-46.70761,-23.51299],[-46.7077,-23.51327],[-46.70818,-23.51327],[-46.70818,-23.51318],[-46.70847,-23.51318],[-46.70847,-23.51308],[-46.70895,-23.51299],[-46.70895,-23.51289],[-46.70924,-23.51279],[-46.70971,-23.51346],[-46.71,-23.51346],[-46.71019,-23.51318],[-46.71038,-23.51318],[-46.71048,-23.51299],[-46.71105,-23.51279],[-46.71134,-23.51241],[-46.71153,-23.51241],[-46.71172,-23.51212],[-46.71192,-23.51212],[-46.71211,-23.51184],[-46.7123,-23.51184],[-46.71268,-23.51145],[-46.71278,-23.51107],[-46.71287,-23.51107],[-46.71287,-23.51079],[-46.71306,-23.51059],[-46.71306,-23.51031],[-46.71316,-23.51031],[-46.71316,-23.51002],[-46.71335,-23.50983],[-46.71335,-23.50954],[-46.71345,-23.50954],[-46.71345,-23.50935],[-46.71364,-23.50916],[-46.71402,-23.50916],[-46.71402,-23.50954],[-46.71392,-23.50954],[-46.71383,-23.50992],[-46.71412,-23.51012],[-46.71392,-23.51069],[-46.71383,-23.51069],[-46.71383,-23.51098],[-46.71373,-23.51098],[-46.71373,-23.51136],[-46.71364,-23.51136],[-46.71364,-23.51203],[-46.71373,-23.51203],[-46.71373,-23.5126],[-46.71383,-23.5126],[-46.71383,-23.51366],[-46.71373,-23.51366],[-46.71345,-23.5148],[-46.71335,-23.5148],[-46.71325,-23.51519],[-46.71306,-23.51538],[-46.71306,-23.51576],[-46.71297,-23.51576],[-46.71297,-23.51605],[-46.71287,-23.51605],[-46.71287,-23.51634],[-46.71268,-23.51653],[-46.71249,-23.51767],[-46.71239,-23.51777],[-46.71182,-23.51777],[-46.71172,-23.51806],[-46.71115,-23.51806],[-46.71105,-23.51815],[-46.71096,-23.51863],[-46.71115,-23.51882],[-46.71153,-23.51892],[-46.71172,-23.5193],[-46.71163,-23.5193],[-46.71153,-23.51978],[-46.71144,-23.51978],[-46.71144,-23.52007],[-46.71077,-23.52007],[-46.71067,-23.52026],[-46.71096,-23.52055],[-46.71134,-23.52064],[-46.71134,-23.52074],[-46.71192,-23.52064],[-46.71211,-23.52026],[-46.71239,-23.52026],[-46.71239,-23.52016],[-46.71335,-23.52016],[-46.71335,-23.52007],[-46.71469,-23.51997],[-46.71488,-23.51978],[-46.71555,-23.51968],[-46.71584,-23.5194],[-46.71613,-23.5194],[-46.71613,-23.5193],[-46.71651,-23.51921],[-46.71651,-23.51911],[-46.71708,-23.51892],[-46.71708,-23.51882],[-46.71747,-23.51873],[-46.71747,-23.51863],[-46.71794,-23.51863],[-46.71794,-23.51854],[-46.72043,-23.51844],[-46.72043,-23.51834],[-46.7212,-23.51825],[-46.72139,-23.51806],[-46.72158,-23.51806],[-46.72168,-23.51834],[-46.72426,-23.51854],[-46.72464,-23.51815],[-46.72502,-23.51806],[-46.72502,-23.51787],[-46.7256,-23.51729],[-46.72589,-23.51729],[-46.72617,-23.51681],[-46.72646,-23.51681],[-46.72646,-23.51691],[-46.72665,-23.51691],[-46.72694,-23.5172],[-46.72742,-23.51729],[-46.72751,-23.51748],[-46.72809,-23.51767],[-46.72828,-23.51787],[-46.72828,-23.51806],[-46.72837,-23.51806],[-46.72837,-23.51873],[-46.72828,-23.51873],[-46.72818,-23.51911],[-46.72837,-23.51911],[-46.72837,-23.51921],[-46.72952,-23.51921],[-46.72952,-23.51911],[-46.73057,-23.51911],[-46.73057,-23.51901],[-46.73115,-23.51911],[-46.73115,-23.51901],[-46.73153,-23.51901],[-46.73153,-23.51911],[-46.73191,-23.51921],[-46.73201,-23.5194],[-46.7323,-23.5194],[-46.73249,-23.51959],[-46.73306,-23.51978],[-46.73335,-23.52007],[-46.73459,-23.52007],[-46.73459,-23.51997],[-46.73526,-23.51988],[-46.73517,-23.52016],[-46.73478,-23.52026],[-46.73478,-23.52055],[-46.73536,-23.52112],[-46.73536,-23.52179],[-46.73517,-23.52189],[-46.73498,-23.52246],[-46.73478,-23.52265],[-46.73431,-23.52256],[-46.73411,-23.52275],[-46.73421,-23.52322],[-46.73383,-23.52322],[-46.73383,-23.52303],[-46.73354,-23.52322],[-46.73344,-23.5237],[-46.73335,-23.5237],[-46.73344,-23.52504],[-46.73335,-23.52504],[-46.73335,-23.52533],[-46.73325,-23.52533],[-46.73325,-23.52562],[-46.73306,-23.52581],[-46.73297,-23.52638],[-46.73239,-23.52696],[-46.7323,-23.52734],[-46.73211,-23.52744],[-46.73201,-23.52782],[-46.73191,-23.52782],[-46.73191,-23.52801],[-46.73172,-23.5282],[-46.73163,-23.52925],[-46.73153,-23.52925],[-46.73153,-23.53011],[-46.73163,-23.53011],[-46.73163,-23.53098],[-46.73182,-23.53117],[-46.73182,-23.53174],[-46.73191,-23.53174],[-46.73182,-23.53279],[-46.73163,-23.53299],[-46.73144,-23.53299],[-46.73124,-23.53327],[-46.73096,-23.53337],[-46.73124,-23.53366],[-46.73124,-23.53385],[-46.73086,-23.53394],[-46.73057,-23.53423],[-46.7301,-23.53433],[-46.7301,-23.53452],[-46.72981,-23.5348],[-46.72962,-23.5348],[-46.72943,-23.53499],[-46.72904,-23.53499],[-46.72885,-23.53519],[-46.72847,-23.53528],[-46.72837,-23.53566],[-46.72809,-23.53566],[-46.7278,-23.53595],[-46.7278,-23.53633],[-46.7277,-23.53633],[-46.7277,-23.53662],[-46.72751,-23.53681],[-46.72761,-23.53748],[-46.72742,-23.53758],[-46.72742,-23.53777],[-46.72761,-23.53787],[-46.72761,-23.53844],[-46.72732,-23.53863],[-46.72732,-23.53892],[-46.7277,-23.53921],[-46.7278,-23.53978],[-46.72799,-23.53997],[-46.72799,-23.54016],[-46.72809,-23.54016],[-46.72799,-23.54131],[-46.7277,-23.5415],[-46.7277,-23.54188],[-46.72799,-23.54188],[-46.72799,-23.5416],[-46.72809,-23.5416],[-46.72809,-23.54141],[-46.72828,-23.54121],[-46.72971,-23.54131],[-46.72981,-23.54141],[-46.72981,-23.54188],[-46.72971,-23.54188],[-46.72971,-23.54217],[-46.7299,-23.54217],[-46.72981,-23.54275],[-46.73029,-23.54294],[-46.73048,-23.54322],[-46.73115,-23.54322],[-46.73115,-23.54332],[-46.73153,-23.54342],[-46.73191,-23.5438],[-46.73191,-23.54418],[-46.73172,-23.54437],[-46.73172,-23.54466],[-46.73191,-23.54485],[-46.73191,-23.5461],[-46.73182,-23.5461],[-46.73182,-23.54629],[-46.73144,-23.54667],[-46.73124,-23.54667],[-46.73105,-23.54696],[-46.73048,-23.54715],[-46.7301,-23.54753],[-46.72914,-23.54791],[-46.72904,-23.5481],[-46.72828,-23.54839],[-46.72818,-23.54858],[-46.72799,-23.54858],[-46.72761,-23.54897],[-46.72723,-23.54906],[-46.72646,-23.54983],[-46.72598,-23.54992],[-46.72598,-23.55002],[-46.7256,-23.55011],[-46.7256,-23.55021],[-46.72541,-23.55021],[-46.72522,-23.5504],[-46.72464,-23.55059],[-46.72464,-23.55069],[-46.72426,-23.55078],[-46.72426,-23.55088],[-46.72349,-23.55117],[-46.72349,-23.55126],[-46.72321,-23.55117],[-46.72282,-23.55078],[-46.72282,-23.55088],[-46.72263,-23.55088],[-46.72263,-23.55098],[-46.72215,-23.55117],[-46.72215,-23.55174],[-46.72206,-23.55184],[-46.72168,-23.55174],[-46.72129,-23.55136],[-46.72129,-23.55155],[-46.7212,-23.55155],[-46.7212,-23.55212],[-46.72129,-23.55222],[-46.7211,-23.55241],[-46.72081,-23.55241],[-46.72081,-23.55251],[-46.72053,-23.5526],[-46.72034,-23.55232],[-46.71976,-23.55251],[-46.71986,-23.55222],[-46.72014,-23.55193],[-46.71995,-23.55174],[-46.71976,-23.55174],[-46.71967,-23.55155],[-46.71947,-23.55155],[-46.71938,-23.55136],[-46.71909,-23.55126],[-46.71909,-23.5505],[-46.7189,-23.55031],[-46.71852,-23.54935],[-46.71813,-23.54897],[-46.71785,-23.54897],[-46.71756,-23.54868],[-46.71737,-23.54868],[-46.71708,-23.5483],[-46.71737,-23.54801],[-46.71747,-23.54763],[-46.71766,-23.54753],[-46.71766,-23.54734],[-46.71794,-23.54705],[-46.71794,-23.54686],[-46.71813,-23.54677],[-46.71813,-23.54657],[-46.71833,-23.54648],[-46.71833,-23.54629],[-46.71852,-23.54619],[-46.71852,-23.546],[-46.71871,-23.5459],[-46.71871,-23.54571],[-46.71909,-23.54552],[-46.71909,-23.54523],[-46.71928,-23.54504],[-46.71967,-23.54504],[-46.71967,-23.54495],[-46.72053,-23.54476],[-46.72072,-23.54456],[-46.72148,-23.54447],[-46.72148,-23.54428],[-46.72187,-23.54418],[-46.72196,-23.54399],[-46.72177,-23.54399],[-46.72177,-23.54409],[-46.72072,-23.54409],[-46.72072,-23.54418],[-46.71957,-23.54418],[-46.71957,-23.54409],[-46.71928,-23.54409],[-46.71928,-23.54399],[-46.71823,-23.54389],[-46.71813,-23.54409],[-46.71794,-23.54409],[-46.71775,-23.54428],[-46.71756,-23.54428],[-46.71737,-23.54409],[-46.71718,-23.54409],[-46.71718,-23.54418],[-46.7167,-23.54409],[-46.71651,-23.54428],[-46.71593,-23.54428],[-46.71584,-23.54447],[-46.71555,-23.54447],[-46.71555,-23.54456],[-46.71517,-23.54466],[-46.71431,-23.54552],[-46.71392,-23.54562],[-46.71383,-23.5459],[-46.71373,-23.5459],[-46.71373,-23.54638],[-46.71335,-23.54677],[-46.71335,-23.54696],[-46.7123,-23.54801],[-46.71211,-23.54801],[-46.71192,-23.54858],[-46.71153,-23.54887],[-46.71134,-23.54935],[-46.71096,-23.54964],[-46.71086,-23.55011],[-46.71058,-23.5504],[-46.71038,-23.5504],[-46.7101,-23.55078],[-46.70962,-23.55098],[-46.70952,-23.55117],[-46.70876,-23.55145],[-46.70866,-23.55174],[-46.70837,-23.55203],[-46.70837,-23.55232],[-46.70809,-23.55241],[-46.70809,-23.5526],[-46.7079,-23.5527],[-46.7077,-23.55327],[-46.70732,-23.55337],[-46.70732,-23.55346],[-46.70704,-23.55346],[-46.70522,-23.55528],[-46.70483,-23.55538],[-46.70464,-23.55557],[-46.70464,-23.55605],[-46.70455,-23.55614],[-46.70416,-23.55614],[-46.70416,-23.55624],[-46.70369,-23.55633],[-46.70349,-23.55653],[-46.70349,-23.55681],[-46.70445,-23.55662],[-46.70445,-23.55681],[-46.70416,-23.5571],[-46.70359,-23.55729],[-46.70349,-23.55748],[-46.7033,-23.55748],[-46.70321,-23.55767],[-46.70292,-23.55767],[-46.70292,-23.55777],[-46.70225,-23.55767],[-46.70196,-23.55796],[-46.70196,-23.55815],[-46.70168,-23.55834],[-46.70168,-23.55854],[-46.70082,-23.5593],[-46.69976,-23.5592],[-46.70015,-23.55978],[-46.69948,-23.55987],[-46.69928,-23.56045],[-46.69909,-23.56054],[-46.69909,-23.56074],[-46.69938,-23.56083],[-46.69957,-23.56102],[-46.69957,-23.56121],[-46.69967,-23.56121],[-46.69967,-23.56141],[-46.69957,-23.56141],[-46.69967,-23.56208],[-46.69948,-23.56208],[-46.69948,-23.56217],[-46.69976,-23.56217],[-46.69967,-23.56255],[-46.70005,-23.56284],[-46.70005,-23.56303],[-46.70072,-23.56294],[-46.70101,-23.56255],[-46.70149,-23.56255],[-46.70158,-23.56265],[-46.70158,-23.56294],[-46.70149,-23.56294],[-46.70158,-23.56322],[-46.70149,-23.56332],[-46.7012,-23.56332],[-46.7012,-23.56342],[-46.70024,-23.56332],[-46.70024,-23.56351],[-46.70053,-23.5638],[-46.70053,-23.56418],[-46.70043,-23.56418],[-46.70034,-23.56476],[-46.70024,-23.56476],[-46.70024,-23.5659],[-46.70034,-23.5659],[-46.70034,-23.56619],[-46.70043,-23.56619],[-46.70043,-23.56667],[-46.70053,-23.56667],[-46.70053,-23.56686],[-46.70072,-23.56705],[-46.70129,-23.56715],[-46.70139,-23.56782],[-46.70091,-23.5683],[-46.70101,-23.56887],[-46.70082,-23.56906],[-46.70082,-23.56935],[-46.70072,-23.56935],[-46.70072,-23.56964],[-46.70062,-23.56964],[-46.70053,-23.57078],[-46.70034,-23.57078],[-46.70015,-23.57117],[-46.69976,-23.57136],[-46.69976,-23.57164],[-46.69995,-23.57164],[-46.70015,-23.57184],[-46.70015,-23.57203],[-46.69995,-23.57222],[-46.69976,-23.57222],[-46.69976,-23.57231],[-46.69938,-23.57231],[-46.69928,-23.57241],[-46.69928,-23.57212],[-46.69909,-23.57212],[-46.699,-23.57193],[-46.69881,-23.57193],[-46.69881,-23.57184],[-46.69861,-23.57184],[-46.69842,-23.57164],[-46.69804,-23.57164],[-46.69785,-23.57145],[-46.69756,-23.57145],[-46.69756,-23.57136],[-46.69728,-23.57136],[-46.69728,-23.57126],[-46.69718,-23.57136],[-46.69622,-23.57136],[-46.69613,-23.57145],[-46.69622,-23.57164],[-46.69718,-23.57184],[-46.69728,-23.57289],[-46.69718,-23.57289],[-46.69718,-23.57318],[-46.69699,-23.57337],[-46.69699,-23.57365],[-46.69641,-23.57365],[-46.69641,-23.57356],[-46.69574,-23.57346],[-46.69574,-23.57308],[-46.69594,-23.57298],[-46.69584,-23.5726],[-46.69603,-23.57251],[-46.69613,-23.57212],[-46.69594,-23.57212],[-46.69574,-23.57193],[-46.69555,-23.57193],[-46.69546,-23.57174],[-46.69527,-23.57174],[-46.69488,-23.57212],[-46.69431,-23.57222],[-46.69412,-23.57241],[-46.69373,-23.57251],[-46.69373,-23.5726],[-46.69306,-23.5727],[-46.69287,-23.57289],[-46.6923,-23.57298],[-46.6923,-23.57308],[-46.69192,-23.57318],[-46.69192,-23.57327],[-46.69153,-23.57337],[-46.69144,-23.57356],[-46.69067,-23.57375],[-46.69067,-23.57404],[-46.69048,-23.57413],[-46.69048,-23.57432],[-46.69039,-23.57432],[-46.69039,-23.57452],[-46.69019,-23.57471],[-46.69,-23.57471],[-46.68991,-23.5749],[-46.68933,-23.5749],[-46.68933,-23.57499],[-46.68905,-23.57509],[-46.68905,-23.57528],[-46.68885,-23.57547],[-46.68847,-23.57557],[-46.68847,-23.57566],[-46.68818,-23.57566],[-46.68799,-23.57586],[-46.68799,-23.57605],[-46.6879,-23.57605],[-46.6879,-23.57624],[-46.68732,-23.57681],[-46.68723,-23.57719],[-46.68704,-23.57729],[-46.68704,-23.57748],[-46.68685,-23.57758],[-46.68713,-23.57796],[-46.68732,-23.57796],[-46.68761,-23.57825],[-46.68732,-23.57834],[-46.68732,-23.57853],[-46.68713,-23.57873],[-46.68694,-23.57873],[-46.68694,-23.57882],[-46.68665,-23.57882],[-46.68665,-23.57892],[-46.68637,-23.57892],[-46.68637,-23.57901],[-46.68579,-23.57901],[-46.68579,-23.57911],[-46.6856,-23.57911],[-46.68531,-23.5794],[-46.68531,-23.57978],[-46.6856,-23.58007],[-46.6856,-23.58026],[-46.68598,-23.58054],[-46.68598,-23.58093],[-46.68589,-23.58093],[-46.68589,-23.58112],[-46.68551,-23.5815],[-46.68522,-23.5815],[-46.68512,-23.58169],[-46.68484,-23.58179],[-46.68474,-23.58227],[-46.68464,-23.58227],[-46.68464,-23.58265],[-46.68455,-23.58265],[-46.68464,-23.58303],[-46.68484,-23.58322],[-46.68474,-23.58389],[-46.68464,-23.58389],[-46.68464,-23.58437],[-46.68455,-23.58437],[-46.68455,-23.58514],[-46.68464,-23.58514],[-46.68464,-23.58562],[-46.68484,-23.58562],[-46.68493,-23.58581],[-46.68474,-23.5859],[-46.68464,-23.58638],[-46.68455,-23.58638],[-46.68445,-23.58676],[-46.68436,-23.58676],[-46.68436,-23.58705],[-46.68417,-23.58715],[-46.68407,-23.58753],[-46.68388,-23.58763],[-46.68369,-23.5882],[-46.68321,-23.58868],[-46.68321,-23.58887],[-46.68292,-23.58906],[-46.68321,-23.58944],[-46.68407,-23.58963],[-46.68445,-23.59002],[-46.68493,-23.59011],[-46.68512,-23.5903],[-46.68512,-23.59059],[-46.68522,-23.59059],[-46.68531,-23.59088],[-46.6857,-23.59088],[-46.68598,-23.59059],[-46.68608,-23.59021],[-46.68637,-23.59021],[-46.68637,-23.5905],[-46.68646,-23.5905],[-46.68637,-23.59126],[-46.68675,-23.59126],[-46.68685,-23.59117],[-46.68685,-23.59059],[-46.68704,-23.59059],[-46.68723,-23.5904],[-46.68751,-23.5904],[-46.68771,-23.59021],[-46.68771,-23.58983],[-46.68751,-23.58963],[-46.68751,-23.58925],[-46.68742,-23.58925],[-46.68751,-23.58839],[-46.68704,-23.58801],[-46.68694,-23.58763],[-46.68685,-23.58763],[-46.68685,-23.58734],[-46.68675,-23.58734],[-46.68685,-23.58657],[-46.68713,-23.58629],[-46.68761,-23.58629],[-46.68761,-23.58638],[-46.6879,-23.58638],[-46.68809,-23.58657],[-46.68895,-23.58657],[-46.68905,-23.58638],[-46.68991,-23.58629],[-46.68991,-23.58619],[-46.69048,-23.58638],[-46.69048,-23.58696],[-46.69029,-23.58696],[-46.68991,-23.58734],[-46.68962,-23.58734],[-46.68952,-23.58782],[-46.68972,-23.58801],[-46.69048,-23.5882],[-46.69058,-23.58887],[-46.69067,-23.58887],[-46.69067,-23.58935],[-46.69077,-23.58935],[-46.69086,-23.58973],[-46.69048,-23.59011],[-46.6901,-23.59011],[-46.68991,-23.5903],[-46.68952,-23.5903],[-46.68952,-23.5904],[-46.68924,-23.5904],[-46.68924,-23.5905],[-46.68895,-23.5905],[-46.68885,-23.59078],[-46.68895,-23.59088],[-46.68952,-23.59088],[-46.68972,-23.59107],[-46.69,-23.59107],[-46.69,-23.59117],[-46.69086,-23.59126],[-46.69115,-23.59155],[-46.69153,-23.59164],[-46.69201,-23.59212],[-46.69201,-23.59231],[-46.6924,-23.5926],[-46.6924,-23.59279],[-46.69249,-23.59279],[-46.69249,-23.59308],[-46.69259,-23.59308],[-46.69259,-23.59337],[-46.69268,-23.59337],[-46.69278,-23.59452],[-46.69306,-23.59461],[-46.69306,-23.59471],[-46.69354,-23.5948],[-46.69354,-23.59499],[-46.69383,-23.59528],[-46.69383,-23.59566],[-46.69393,-23.59566],[-46.69402,-23.59614],[-46.69412,-23.59614],[-46.69412,-23.59643],[-46.69421,-23.59643],[-46.69421,-23.59672],[-46.69431,-23.59672],[-46.69431,-23.5971],[-46.6944,-23.5971],[-46.6944,-23.59739],[-46.6945,-23.59739],[-46.6946,-23.59796],[-46.69469,-23.59796],[-46.69469,-23.59825],[-46.69479,-23.59825],[-46.69488,-23.59882],[-46.69498,-23.59882],[-46.69498,-23.59911],[-46.69507,-23.59911],[-46.69507,-23.5994],[-46.69517,-23.5994],[-46.69517,-23.59968],[-46.69527,-23.59968],[-46.69527,-23.59997],[-46.69536,-23.59997],[-46.69536,-23.60026],[-46.69546,-23.60026],[-46.69555,-23.60083],[-46.69565,-23.60083],[-46.69565,-23.60112],[-46.69584,-23.60131],[-46.69603,-23.60217],[-46.69613,-23.60217],[-46.69622,-23.60284],[-46.69641,-23.60303],[-46.69641,-23.60341],[-46.69651,-23.60341],[-46.69651,-23.6037],[-46.69661,-23.6037],[-46.69661,-23.60399],[-46.6968,-23.60418],[-46.69699,-23.60495],[-46.69708,-23.60495],[-46.69708,-23.60533],[-46.69718,-23.60533],[-46.69718,-23.60562],[-46.69728,-23.60562],[-46.69728,-23.6059],[-46.69737,-23.6059],[-46.69737,-23.60619],[-46.69747,-23.60619],[-46.69756,-23.60695],[-46.69766,-23.60695],[-46.69766,-23.60734],[-46.69785,-23.60743],[-46.69785,-23.60772],[-46.69794,-23.60772],[-46.69794,-23.6082],[-46.69804,-23.6082],[-46.69814,-23.60896],[-46.69823,-23.60896],[-46.69833,-23.61002],[-46.69842,-23.61002],[-46.69842,-23.61059],[-46.69833,-23.61059],[-46.69842,-23.61126],[-46.69852,-23.61126],[-46.69852,-23.61155],[-46.69861,-23.61155],[-46.69871,-23.61231],[-46.699,-23.61241],[-46.699,-23.6127],[-46.69909,-23.6127],[-46.69909,-23.61298],[-46.6989,-23.61298],[-46.6989,-23.61308],[-46.699,-23.61308],[-46.699,-23.61346],[-46.69909,-23.61346],[-46.69938,-23.61538],[-46.69948,-23.61538],[-46.69948,-23.61566],[-46.69957,-23.61566],[-46.69967,-23.61691],[-46.69986,-23.617],[-46.69986,-23.61719],[-46.70005,-23.61739],[-46.70005,-23.61767],[-46.70015,-23.61767],[-46.70015,-23.61786],[-46.70024,-23.61786],[-46.70024,-23.61806],[-46.70043,-23.61825],[-46.70034,-23.61882],[-46.70043,-23.61882],[-46.70053,-23.61949],[-46.70072,-23.61968],[-46.70072,-23.61997],[-46.70082,-23.61997],[-46.70072,-23.62045],[-46.70129,-23.62093],[-46.70139,-23.6214],[-46.70168,-23.62169],[-46.70168,-23.62188],[-46.70216,-23.62236],[-46.70235,-23.62236],[-46.70292,-23.62294],[-46.70292,-23.62313],[-46.70311,-23.62322],[-46.70311,-23.6238],[-46.70273,-23.62418],[-46.70273,-23.62466],[-46.70292,-23.62466],[-46.70292,-23.62475],[-46.70369,-23.62466],[-46.70388,-23.62447],[-46.70397,-23.62408],[-46.70426,-23.6238],[-46.70503,-23.6238],[-46.70522,-23.62399],[-46.7056,-23.62399],[-46.7056,-23.62408],[-46.70627,-23.62418],[-46.70627,-23.62428],[-46.70665,-23.62428],[-46.70665,-23.62437],[-46.70704,-23.62437],[-46.70704,-23.62447],[-46.70742,-23.62447],[-46.70742,-23.62456],[-46.70799,-23.62466],[-46.70818,-23.62485],[-46.70837,-23.62485],[-46.70837,-23.62494],[-46.70866,-23.62494],[-46.70885,-23.62514],[-46.70924,-23.62523],[-46.70952,-23.62561],[-46.7101,-23.62571],[-46.71038,-23.626],[-46.71058,-23.626],[-46.71077,-23.62628],[-46.71096,-23.62628],[-46.71144,-23.62676],[-46.71134,-23.62695],[-46.71172,-23.62734],[-46.71211,-23.62743],[-46.71297,-23.62829],[-46.71297,-23.62849],[-46.71421,-23.62973],[-46.71431,-23.63021],[-46.71613,-23.63203],[-46.71632,-23.63203],[-46.71689,-23.6326],[-46.71689,-23.63279],[-46.71794,-23.63375],[-46.71794,-23.63394],[-46.71928,-23.63518],[-46.71928,-23.63538],[-46.7212,-23.63719],[-46.7212,-23.63738],[-46.72187,-23.63796],[-46.72187,-23.63815],[-46.72311,-23.6393],[-46.72311,-23.63949],[-46.72368,-23.63997],[-46.72368,-23.64016],[-46.72407,-23.64045],[-46.72407,-23.64064],[-46.72445,-23.64102],[-46.72455,-23.6414],[-46.72474,-23.6415],[-46.72502,-23.64227],[-46.72512,-23.64227],[-46.72512,-23.64246],[-46.72531,-23.64265],[-46.72531,-23.64293],[-46.72541,-23.64293],[-46.7255,-23.64332],[-46.7256,-23.64332],[-46.7256,-23.6436],[-46.72579,-23.6438],[-46.72579,-23.64418],[-46.72589,-23.64418],[-46.72589,-23.64533],[-46.72579,-23.64533],[-46.72589,-23.64561],[-46.72579,-23.64561],[-46.72579,-23.64619],[-46.72569,-23.64619],[-46.72569,-23.64782],[-46.7255,-23.64801],[-46.7255,-23.64839],[-46.72541,-23.64839],[-46.72531,-23.64896],[-46.72512,-23.64915],[-46.72512,-23.64935],[-46.72502,-23.64935],[-46.72493,-23.64973],[-46.72407,-23.65059],[-46.72407,-23.65078],[-46.72349,-23.65126],[-46.72349,-23.65145],[-46.72321,-23.65174],[-46.72263,-23.65193],[-46.72235,-23.65222],[-46.72235,-23.65241],[-46.72206,-23.6526],[-46.72206,-23.65279],[-46.72177,-23.65298],[-46.72177,-23.65317],[-46.72148,-23.65337],[-46.72148,-23.65356],[-46.7212,-23.65375],[-46.7212,-23.65413],[-46.72101,-23.65423],[-46.72101,-23.65442],[-46.72014,-23.65518],[-46.72014,-23.65537],[-46.71947,-23.65604],[-46.71919,-23.65604],[-46.71861,-23.65671],[-46.71823,-23.65681],[-46.71813,-23.65719],[-46.71785,-23.65748],[-46.71766,-23.65748],[-46.71727,-23.65786],[-46.71689,-23.65796],[-46.7167,-23.65825],[-46.71632,-23.65834],[-46.71622,-23.65853],[-46.71603,-23.65853],[-46.71593,-23.65872],[-46.71546,-23.65892],[-46.71536,-23.65911],[-46.71488,-23.6593],[-46.71469,-23.65959],[-46.7144,-23.65959],[-46.71431,-23.65987],[-46.71412,-23.65987],[-46.71316,-23.66083],[-46.71297,-23.66083],[-46.71259,-23.66121],[-46.71259,-23.6614],[-46.71163,-23.66226],[-46.71163,-23.66246],[-46.71125,-23.66284],[-46.71105,-23.66341],[-46.71086,-23.66351],[-46.71086,-23.6638],[-46.71077,-23.6638],[-46.71067,-23.66418],[-46.71048,-23.66427],[-46.71029,-23.66485],[-46.7101,-23.66494],[-46.7101,-23.66514],[-46.70991,-23.66523],[-46.70971,-23.66571],[-46.70943,-23.6659],[-46.70943,-23.66609],[-46.70895,-23.66657],[-46.70876,-23.66714],[-46.70857,-23.66724],[-46.70847,-23.66762],[-46.70828,-23.66772],[-46.70818,-23.6681],[-46.70799,-23.6682],[-46.7079,-23.66858],[-46.7077,-23.66868],[-46.70761,-23.66906],[-46.70742,-23.66915],[-46.70742,-23.66935],[-46.70723,-23.66954],[-46.70713,-23.66992],[-46.70694,-23.67002],[-46.70684,-23.6704],[-46.70637,-23.6703],[-46.70617,-23.67011],[-46.70579,-23.67002],[-46.70579,-23.66992],[-46.7056,-23.66992],[-46.7055,-23.66973],[-46.70531,-23.66973],[-46.70512,-23.66954],[-46.70474,-23.66944],[-46.70464,-23.66925],[-46.70445,-23.66925],[-46.70407,-23.66877],[-46.70388,-23.66877],[-46.70349,-23.66839],[-46.70302,-23.66829],[-46.70311,-23.66858],[-46.70359,-23.66877],[-46.70397,-23.66915],[-46.70416,-23.66915],[-46.70474,-23.66973],[-46.70512,-23.66982],[-46.70531,-23.67002],[-46.70589,-23.67021],[-46.70589,-23.6703],[-46.70608,-23.6703],[-46.70608,-23.6704],[-46.70646,-23.67049],[-46.70665,-23.67069],[-46.70656,-23.67069],[-46.70646,-23.67107],[-46.70627,-23.67116],[-46.70617,-23.67155],[-46.70598,-23.67164],[-46.70589,-23.67203],[-46.7057,-23.67212],[-46.7056,-23.6725],[-46.70541,-23.6726],[-46.70531,-23.67298],[-46.70512,-23.67308],[-46.70493,-23.67365],[-46.70464,-23.67394],[-46.70464,-23.67413],[-46.70426,-23.67451],[-46.70397,-23.67528],[-46.70378,-23.67537],[-46.70369,-23.67576],[-46.70349,-23.67585],[-46.7033,-23.67643],[-46.70302,-23.67671],[-46.70302,-23.67691],[-46.70263,-23.67719],[-46.70263,-23.67738],[-46.70196,-23.67805],[-46.70196,-23.67825],[-46.69919,-23.68092],[-46.69919,-23.68112],[-46.69833,-23.68198],[-46.69833,-23.68217],[-46.69814,-23.68226],[-46.69814,-23.68246],[-46.69785,-23.68274],[-46.69775,-23.68313],[-46.69747,-23.68332],[-46.69728,-23.68389],[-46.69708,-23.68399],[-46.69699,-23.68437],[-46.69661,-23.68475],[-46.69641,-23.68533],[-46.69622,-23.68542],[-46.69603,-23.6859],[-46.69584,-23.6859],[-46.69574,-23.68638],[-46.69565,-23.68638],[-46.69555,-23.68686],[-46.69546,-23.68686],[-46.69546,-23.68724],[-46.69517,-23.68753],[-46.69507,-23.68791],[-46.69402,-23.68896],[-46.69402,-23.68915],[-46.69373,-23.68944],[-46.69364,-23.68982],[-46.69326,-23.69021],[-46.69316,-23.69059],[-46.69297,-23.69068],[-46.69297,-23.69088],[-46.69278,-23.69097],[-46.69278,-23.69116],[-46.69249,-23.69145],[-46.69249,-23.69164],[-46.69211,-23.69202],[-46.69201,-23.69241],[-46.69153,-23.69289],[-46.69144,-23.69327],[-46.69125,-23.69336],[-46.69125,-23.69356],[-46.69086,-23.69394],[-46.69077,-23.69432],[-46.69058,-23.69442],[-46.69058,-23.69461],[-46.69029,-23.6948],[-46.69019,-23.69518],[-46.68991,-23.69547],[-46.68991,-23.69566],[-46.68962,-23.69585],[-46.68962,-23.69614],[-46.68943,-23.69624],[-46.68924,-23.69671],[-46.68895,-23.6969],[-46.68895,-23.6971],[-46.68838,-23.69757],[-46.68838,-23.69777],[-46.68809,-23.69786],[-46.68771,-23.69834],[-46.68751,-23.69834],[-46.68732,-23.69863],[-46.68713,-23.69863],[-46.68704,-23.69882],[-46.68665,-23.69891],[-46.68646,-23.6992],[-46.68627,-23.6992],[-46.68598,-23.69949],[-46.68579,-23.69949],[-46.68551,-23.6992],[-46.68551,-23.69901],[-46.68531,-23.69891],[-46.68512,-23.69834],[-46.68503,-23.69834],[-46.68503,-23.69796],[-46.68464,-23.69786],[-46.68464,-23.69796],[-46.68493,-23.69805],[-46.68493,-23.69844],[-46.68503,-23.69844],[-46.68522,-23.69901],[-46.68531,-23.69901],[-46.68531,-23.6992],[-46.68551,-23.69939],[-46.68541,-23.69968],[-46.68503,-23.69968],[-46.68503,-23.69978],[-46.68464,-23.69987],[-46.68464,-23.69997],[-46.68436,-23.69997],[-46.68417,-23.70016],[-46.68378,-23.70025],[-46.68378,-23.70035],[-46.68321,-23.70045],[-46.68302,-23.70064],[-46.68273,-23.70064],[-46.68273,-23.70035],[-46.68254,-23.70025],[-46.68254,-23.70073],[-46.68177,-23.70092],[-46.68177,-23.70102],[-46.68082,-23.70112],[-46.68082,-23.70121],[-46.67756,-23.70131],[-46.67728,-23.70159],[-46.67642,-23.70169],[-46.67642,-23.70179],[-46.67603,-23.70179],[-46.67603,-23.70188],[-46.67555,-23.70198],[-46.67555,-23.70159],[-46.67565,-23.70159],[-46.67565,-23.70121],[-46.67575,-23.70121],[-46.67575,-23.70073],[-46.67584,-23.70073],[-46.67584,-23.70025],[-46.67565,-23.70025],[-46.67546,-23.70131],[-46.67536,-23.70131],[-46.67536,-23.70169],[-46.67527,-23.70169],[-46.67527,-23.70207],[-46.6745,-23.70255],[-46.67469,-23.70322],[-46.67488,-23.70322],[-46.67488,-23.70341],[-46.67536,-23.7036],[-46.67536,-23.7037],[-46.67632,-23.7036],[-46.67632,-23.70351],[-46.67709,-23.70341],[-46.67709,-23.70332],[-46.67756,-23.70332],[-46.67756,-23.70322],[-46.67814,-23.70312],[-46.67814,-23.70303],[-46.67852,-23.70303],[-46.67852,-23.70293],[-46.67881,-23.70293],[-46.67881,-23.70284],[-46.67909,-23.70284],[-46.67909,-23.70274],[-46.67938,-23.70274],[-46.67938,-23.70265],[-46.67967,-23.70265],[-46.67967,-23.70255],[-46.68053,-23.70236],[-46.68053,-23.70226],[-46.6811,-23.70217],[-46.6811,-23.70207],[-46.68158,-23.70198],[-46.68177,-23.70179],[-46.68216,-23.70179],[-46.68235,-23.70159],[-46.68273,-23.70159],[-46.68273,-23.7015],[-46.6833,-23.70159],[-46.68321,-23.7014],[-46.6835,-23.70131],[-46.6835,-23.70121],[-46.68464,-23.70092],[-46.68474,-23.70073],[-46.68503,-23.70073],[-46.68503,-23.70064],[-46.68579,-23.70035],[-46.68579,-23.70025],[-46.68598,-23.70025],[-46.68618,-23.70006],[-46.68656,-23.69997],[-46.68656,-23.69987],[-46.68685,-23.69987],[-46.68685,-23.69978],[-46.68723,-23.69968],[-46.68723,-23.69958],[-46.68742,-23.69958],[-46.68761,-23.6993],[-46.68809,-23.69911],[-46.68838,-23.69872],[-46.68857,-23.69872],[-46.68943,-23.69786],[-46.68943,-23.69767],[-46.68981,-23.69738],[-46.68981,-23.69719],[-46.6901,-23.697],[-46.69029,-23.69652],[-46.69058,-23.69633],[-46.69058,-23.69614],[-46.69086,-23.69595],[-46.69106,-23.69547],[-46.69125,-23.69537],[-46.69144,-23.6948],[-46.69182,-23.69442],[-46.69192,-23.69403],[-46.6923,-23.69365],[-46.6923,-23.69346],[-46.69268,-23.69317],[-46.69268,-23.69289],[-46.69287,-23.69279],[-46.69287,-23.6926],[-46.69326,-23.69222],[-46.69335,-23.69183],[-46.69354,-23.69174],[-46.69364,-23.69135],[-46.69383,-23.69126],[-46.69402,-23.69078],[-46.69421,-23.69068],[-46.69431,-23.6903],[-46.6945,-23.69021],[-46.6946,-23.68982],[-46.69479,-23.68973],[-46.69498,-23.68925],[-46.69517,-23.68915],[-46.69517,-23.68887],[-46.69536,-23.68877],[-46.69555,-23.68829],[-46.69584,-23.6881],[-46.69613,-23.68734],[-46.69641,-23.68714],[-46.69641,-23.68695],[-46.6967,-23.68667],[-46.6967,-23.68647],[-46.6968,-23.68647],[-46.69689,-23.68609],[-46.69708,-23.6859],[-46.69718,-23.68552],[-46.69737,-23.68542],[-46.69747,-23.68504],[-46.69766,-23.68494],[-46.69775,-23.68456],[-46.69814,-23.68418],[-46.69814,-23.68399],[-46.69833,-23.68389],[-46.69852,-23.68332],[-46.69871,-23.68322],[-46.69871,-23.68303],[-46.6989,-23.68293],[-46.69909,-23.68246],[-46.69938,-23.68217],[-46.69957,-23.68217],[-46.69986,-23.68179],[-46.70043,-23.68169],[-46.70062,-23.6815],[-46.70062,-23.6814],[-46.70043,-23.6814],[-46.70043,-23.68121],[-46.70091,-23.68083],[-46.70091,-23.68064],[-46.70302,-23.67863],[-46.70302,-23.67844],[-46.7034,-23.67805],[-46.7034,-23.67786],[-46.70378,-23.67748],[-46.70397,-23.67691],[-46.70416,-23.67681],[-46.70426,-23.67643],[-46.70464,-23.67604],[-46.70474,-23.67566],[-46.70512,-23.67528],[-46.70531,-23.6747],[-46.7055,-23.67461],[-46.7056,-23.67423],[-46.70579,-23.67413],[-46.70589,-23.67375],[-46.70608,-23.67365],[-46.70617,-23.67327],[-46.70637,-23.67317],[-46.70637,-23.67298],[-46.70675,-23.67298],[-46.70694,-23.67317],[-46.70713,-23.67317],[-46.70704,-23.67298],[-46.70656,-23.67289],[-46.70656,-23.67269],[-46.70675,-23.6725],[-46.70675,-23.67231],[-46.70694,-23.67222],[-46.70704,-23.67183],[-46.70723,-23.67174],[-46.70732,-23.67136],[-46.70751,-23.67126],[-46.7078,-23.67049],[-46.70799,-23.6704],[-46.70799,-23.67021],[-46.70837,-23.67011],[-46.70828,-23.66973],[-46.70857,-23.66944],[-46.70876,-23.66887],[-46.70904,-23.66868],[-46.70914,-23.66829],[-46.70933,-23.6682],[-46.70962,-23.66743],[-46.70981,-23.66734],[-46.7101,-23.66657],[-46.71029,-23.66638],[-46.71029,-23.66609],[-46.71048,-23.6659],[-46.71058,-23.66542],[-46.71096,-23.66504],[-46.71115,-23.66456],[-46.71153,-23.66427],[-46.71153,-23.66408],[-46.71239,-23.66322],[-46.71239,-23.66303],[-46.71421,-23.66121],[-46.7145,-23.66131],[-46.71507,-23.66073],[-46.71584,-23.66092],[-46.71603,-23.66073],[-46.71641,-23.66064],[-46.7166,-23.66035],[-46.71708,-23.66016],[-46.71737,-23.65978],[-46.71756,-23.65978],[-46.71766,-23.65959],[-46.71804,-23.65949],[-46.71823,-23.6592],[-46.71861,-23.65911],[-46.71871,-23.65892],[-46.71909,-23.65882],[-46.71957,-23.65834],[-46.71976,-23.65834],[-46.71986,-23.65815],[-46.72043,-23.65805],[-46.72062,-23.65786],[-46.72081,-23.65786],[-46.72081,-23.65777],[-46.7212,-23.65767],[-46.72129,-23.65796],[-46.72139,-23.65796],[-46.72139,-23.65834],[-46.72158,-23.65844],[-46.72148,-23.65853],[-46.72158,-23.6593],[-46.72177,-23.6593],[-46.72177,-23.65911],[-46.72187,-23.65911],[-46.72196,-23.65959],[-46.72206,-23.65959],[-46.72206,-23.65997],[-46.72215,-23.65997],[-46.72215,-23.66035],[-46.72206,-23.66035],[-46.72206,-23.66016],[-46.72187,-23.66016],[-46.72177,-23.66045],[-46.72158,-23.66045],[-46.72101,-23.66112],[-46.72081,-23.66112],[-46.72072,-23.66131],[-46.72024,-23.66131],[-46.72005,-23.6615],[-46.72005,-23.66169],[-46.71986,-23.66179],[-46.71986,-23.66198],[-46.71976,-23.66198],[-46.71986,-23.66246],[-46.71976,-23.66246],[-46.71976,-23.66284],[-46.71967,-23.66284],[-46.71967,-23.66313],[-46.71976,-23.66313],[-46.71967,-23.66351],[-46.71986,-23.6637],[-46.71976,-23.66418],[-46.72014,-23.66418],[-46.72014,-23.66408],[-46.72053,-23.66399],[-46.7212,-23.66332],[-46.72139,-23.66332],[-46.72168,-23.66293],[-46.72187,-23.66293],[-46.72206,-23.66265],[-46.72225,-23.66265],[-46.72225,-23.66255],[-46.72263,-23.66255],[-46.72273,-23.66265],[-46.72282,-23.66255],[-46.72292,-23.66303],[-46.72301,-23.66303],[-46.72301,-23.66341],[-46.72311,-23.66341],[-46.72311,-23.6638],[-46.72321,-23.6638],[-46.72321,-23.66408],[-46.7233,-23.66408],[-46.7233,-23.66447],[-46.7234,-23.66447],[-46.7234,-23.66475],[-46.72349,-23.66475],[-46.72359,-23.66552],[-46.72368,-23.66552],[-46.72368,-23.66581],[-46.72378,-23.66581],[-46.72378,-23.66619],[-46.72397,-23.66638],[-46.72407,-23.66686],[-46.72416,-23.66686],[-46.72426,-23.6681],[-46.72435,-23.6681],[-46.72445,-23.66858],[-46.72455,-23.66858],[-46.72464,-23.66925],[-46.72474,-23.66925],[-46.72483,-23.66973],[-46.72493,-23.66973],[-46.72493,-23.67002],[-46.72522,-23.6703],[-46.72541,-23.6703],[-46.7255,-23.67049],[-46.72569,-23.67049],[-46.72579,-23.67069],[-46.72598,-23.67069],[-46.72569,-23.66992],[-46.72598,-23.66992],[-46.72598,-23.67002],[-46.72627,-23.67002],[-46.72627,-23.67011],[-46.72656,-23.67011],[-46.72656,-23.66992],[-46.72665,-23.66992],[-46.72598,-23.66915],[-46.72579,-23.66915],[-46.72522,-23.66858],[-46.72512,-23.66791],[-46.72502,-23.66791],[-46.72502,-23.66743],[-46.72474,-23.66714],[-46.72474,-23.66628],[-46.72464,-23.66628],[-46.72464,-23.6659],[-46.72455,-23.6659],[-46.72445,-23.66523],[-46.72435,-23.66523],[-46.72435,-23.66494],[-46.72426,-23.66494],[-46.72416,-23.66418],[-46.72474,-23.66408],[-46.72474,-23.66399],[-46.72512,-23.66399],[-46.72512,-23.66389],[-46.72464,-23.66389],[-46.72464,-23.66399],[-46.72407,-23.66399],[-46.72397,-23.66389],[-46.72388,-23.66303],[-46.72378,-23.66303],[-46.72378,-23.66274],[-46.72368,-23.66274],[-46.72368,-23.66246],[-46.72359,-23.66246],[-46.72349,-23.6615],[-46.7234,-23.6615],[-46.7234,-23.66121],[-46.7233,-23.66121],[-46.7233,-23.66073],[-46.72321,-23.66073],[-46.72321,-23.66045],[-46.72311,-23.66045],[-46.72311,-23.66006],[-46.72368,-23.65997],[-46.72368,-23.65987],[-46.72301,-23.65997],[-46.72292,-23.65939],[-46.72282,-23.65939],[-46.72282,-23.65892],[-46.72273,-23.65892],[-46.72263,-23.65834],[-46.72254,-23.65834],[-46.72254,-23.65796],[-46.72244,-23.65796],[-46.72235,-23.65758],[-46.72215,-23.65738],[-46.72206,-23.657],[-46.72158,-23.65681],[-46.72158,-23.65671],[-46.72139,-23.65671],[-46.72129,-23.65643],[-46.72101,-23.65614],[-46.7212,-23.65566],[-46.72254,-23.65432],[-46.72254,-23.65413],[-46.72301,-23.65375],[-46.72301,-23.65356],[-46.72368,-23.65289],[-46.72368,-23.6527],[-46.72435,-23.65212],[-46.72435,-23.65193],[-46.7255,-23.65078],[-46.7255,-23.65059],[-46.72579,-23.6504],[-46.72589,-23.65002],[-46.72608,-23.64992],[-46.72608,-23.64973],[-46.72627,-23.64954],[-46.72627,-23.64925],[-46.72636,-23.64925],[-46.72636,-23.64896],[-46.72646,-23.64896],[-46.72646,-23.64868],[-46.72656,-23.64868],[-46.72656,-23.64839],[-46.72665,-23.64839],[-46.72665,-23.64801],[-46.72675,-23.64801],[-46.72675,-23.64772],[-46.72684,-23.64772],[-46.72684,-23.64705],[-46.72694,-23.64705],[-46.72684,-23.64514],[-46.72675,-23.64514],[-46.72665,-23.64418],[-46.72656,-23.64418],[-46.72656,-23.64389],[-46.72646,-23.64389],[-46.72656,-23.6438],[-46.72646,-23.64255],[-46.72636,-23.64255],[-46.72636,-23.64227],[-46.72617,-23.64207],[-46.72617,-23.64179],[-46.72636,-23.64179],[-46.72646,-23.6416],[-46.72608,-23.6416],[-46.72598,-23.6415],[-46.72589,-23.64102],[-46.72541,-23.64054],[-46.72541,-23.64035],[-46.72502,-23.63997],[-46.72502,-23.63978],[-46.72388,-23.63882],[-46.72388,-23.63863],[-46.7233,-23.63815],[-46.7233,-23.63796],[-46.72235,-23.637],[-46.72235,-23.63681],[-46.7212,-23.63566],[-46.7212,-23.63547],[-46.71833,-23.6326],[-46.71804,-23.6325],[-46.71804,-23.63231],[-46.71708,-23.63145],[-46.71708,-23.63126],[-46.71651,-23.63078],[-46.71651,-23.63059],[-46.71593,-23.63011],[-46.71593,-23.62992],[-46.71354,-23.62753],[-46.71354,-23.62734],[-46.71239,-23.62628],[-46.71239,-23.62609],[-46.71211,-23.62581],[-46.71192,-23.62581],[-46.71144,-23.62523],[-46.71125,-23.62523],[-46.71086,-23.62485],[-46.71048,-23.62475],[-46.7101,-23.62437],[-46.70981,-23.62437],[-46.70962,-23.62418],[-46.70943,-23.62418],[-46.70943,-23.62408],[-46.70904,-23.62399],[-46.70904,-23.62389],[-46.70818,-23.6237],[-46.70799,-23.62351],[-46.7077,-23.62351],[-46.7077,-23.62341],[-46.70742,-23.62341],[-46.70742,-23.62332],[-46.70704,-23.62332],[-46.70684,-23.62313],[-46.70646,-23.62313],[-46.70646,-23.62303],[-46.70608,-23.62303],[-46.70608,-23.62294],[-46.7055,-23.62284],[-46.7055,-23.62274],[-46.70474,-23.62255],[-46.70474,-23.62246],[-46.70436,-23.62236],[-46.70436,-23.62227],[-46.70388,-23.62217],[-46.70254,-23.62083],[-46.70254,-23.62064],[-46.70225,-23.62045],[-46.70196,-23.61968],[-46.70168,-23.61949],[-46.70158,-23.61892],[-46.7012,-23.61853],[-46.7011,-23.61786],[-46.70101,-23.61786],[-46.7011,-23.61691],[-46.70101,-23.61691],[-46.70101,-23.61643],[-46.70091,-23.61643],[-46.70091,-23.61595],[-46.70082,-23.61595],[-46.70082,-23.61538],[-46.70072,-23.61538],[-46.70072,-23.61509],[-46.70062,-23.61509],[-46.70053,-23.61413],[-46.70043,-23.61413],[-46.70034,-23.61308],[-46.70024,-23.61308],[-46.70024,-23.6127],[-46.70015,-23.6127],[-46.70005,-23.61203],[-46.69995,-23.61203],[-46.69976,-23.61021],[-46.69967,-23.61021],[-46.69967,-23.60992],[-46.69957,-23.60992],[-46.69957,-23.60954],[-46.69948,-23.60954],[-46.69948,-23.60916],[-46.69938,-23.60916],[-46.69938,-23.60868],[-46.69928,-23.60868],[-46.69919,-23.60743],[-46.69909,-23.60743],[-46.6989,-23.60657],[-46.69871,-23.60638],[-46.69852,-23.60552],[-46.69833,-23.60533],[-46.69833,-23.60504],[-46.69814,-23.60485],[-46.69814,-23.60456],[-46.69804,-23.60456],[-46.69804,-23.60428],[-46.69794,-23.60428],[-46.69794,-23.60399],[-46.69785,-23.60399],[-46.69775,-23.60341],[-46.69766,-23.60341],[-46.69756,-23.60303],[-46.69747,-23.60303],[-46.69728,-23.60188],[-46.69699,-23.6016],[-46.6967,-23.60045],[-46.69661,-23.60045],[-46.69661,-23.60026],[-46.69641,-23.60007],[-46.69641,-23.59978],[-46.69622,-23.59959],[-46.69613,-23.59882],[-46.69574,-23.59844],[-46.69574,-23.59815],[-46.69565,-23.59815],[-46.69546,-23.59729],[-46.69536,-23.59729],[-46.69536,-23.59691],[-46.69527,-23.59691],[-46.69517,-23.59633],[-46.69498,-23.59614],[-46.69498,-23.59585],[-46.69488,-23.59585],[-46.69488,-23.59557],[-46.69479,-23.59557],[-46.69488,-23.5949],[-46.69479,-23.5949],[-46.69479,-23.59461],[-46.6946,-23.59442],[-46.6945,-23.59404],[-46.6944,-23.59404],[-46.69421,-23.59318],[-46.69412,-23.59318],[-46.69412,-23.59289],[-46.69402,-23.59289],[-46.69402,-23.59251],[-46.69393,-23.59251],[-46.69383,-23.59155],[-46.69373,-23.59155],[-46.69373,-23.59117],[-46.69383,-23.59117],[-46.69383,-23.59078],[-46.69393,-23.59078],[-46.69393,-23.5903],[-46.69412,-23.59011],[-46.6945,-23.59011],[-46.6945,-23.59021],[-46.69488,-23.5903],[-46.69488,-23.59021],[-46.69507,-23.59021],[-46.69536,-23.58992],[-46.69536,-23.58973],[-46.69546,-23.58973],[-46.69536,-23.58868],[-46.69584,-23.58849],[-46.69584,-23.58839],[-46.69603,-23.58839],[-46.69613,-23.58801],[-46.69632,-23.58791],[-46.69641,-23.58676],[-46.6968,-23.58638],[-46.69689,-23.58581],[-46.69699,-23.58581],[-46.69699,-23.58562],[-46.69728,-23.58533],[-46.69728,-23.58504],[-46.69756,-23.58485],[-46.69775,-23.58437],[-46.69814,-23.58408],[-46.69814,-23.58389],[-46.69852,-23.58361],[-46.69852,-23.58341],[-46.69871,-23.58322],[-46.69871,-23.58303],[-46.6989,-23.58294],[-46.6989,-23.58275],[-46.69928,-23.58265],[-46.69957,-23.58236],[-46.69957,-23.58198],[-46.69948,-23.58188],[-46.69995,-23.58141],[-46.70015,-23.58093],[-46.70034,-23.58083],[-46.70034,-23.58054],[-46.70053,-23.58035],[-46.70062,-23.5793],[-46.70082,-23.57911],[-46.70082,-23.57882],[-46.70091,-23.57882],[-46.7011,-23.57834],[-46.70158,-23.57815],[-46.70168,-23.57748],[-46.70177,-23.57748],[-46.70177,-23.57719],[-46.70196,-23.577],[-46.70196,-23.57672],[-46.70216,-23.57653],[-46.70244,-23.57662],[-46.70254,-23.57653],[-46.70254,-23.57614],[-46.70292,-23.57595],[-46.70302,-23.57557],[-46.70311,-23.57557],[-46.70311,-23.57509],[-46.70321,-23.57509],[-46.70321,-23.5748],[-46.7033,-23.5748],[-46.7034,-23.57404],[-46.70369,-23.57375],[-46.70407,-23.57365],[-46.70416,-23.57327],[-46.70445,-23.57298],[-46.70426,-23.57251],[-46.70445,-23.57251],[-46.70455,-23.57231],[-46.70493,-23.57222],[-46.70503,-23.57203],[-46.70531,-23.57203],[-46.70531,-23.57193],[-46.7057,-23.57184],[-46.70589,-23.57155],[-46.70684,-23.57145],[-46.70684,-23.57136],[-46.70723,-23.57126],[-46.70732,-23.57107],[-46.7078,-23.57107],[-46.7078,-23.57097],[-46.70828,-23.57097],[-46.70828,-23.57088],[-46.70904,-23.57088],[-46.70904,-23.57078],[-46.70962,-23.57069],[-46.70981,-23.5705],[-46.71019,-23.5705],[-46.71038,-23.57031],[-46.71086,-23.57031],[-46.71086,-23.57021],[-46.71134,-23.57021],[-46.71134,-23.57011],[-46.71182,-23.57011],[-46.71172,-23.57193],[-46.71182,-23.57193],[-46.71182,-23.57222],[-46.71192,-23.57222],[-46.71201,-23.5726],[-46.71287,-23.5727],[-46.71297,-23.57289],[-46.71335,-23.57289],[-46.71335,-23.57279],[-46.71364,-23.57279],[-46.71412,-23.57222],[-46.7145,-23.57212],[-46.71459,-23.57203],[-46.71459,-23.57145],[-46.71526,-23.57078],[-46.71526,-23.57031],[-46.71593,-23.56964],[-46.71593,-23.56954],[-46.71517,-23.56954],[-46.71517,-23.56935],[-46.71555,-23.56925],[-46.71555,-23.56916],[-46.71632,-23.56925],[-46.7168,-23.56877],[-46.7166,-23.56791],[-46.71641,-23.56772],[-46.71641,-23.56753],[-46.71632,-23.56753],[-46.71632,-23.56734],[-46.71613,-23.56724],[-46.71613,-23.56705],[-46.71593,-23.56696],[-46.71584,-23.56657],[-46.71574,-23.56657],[-46.71574,-23.5659],[-46.71613,-23.56581],[-46.71622,-23.56562],[-46.71651,-23.56552],[-46.71651,-23.56523],[-46.71632,-23.56504],[-46.71632,-23.56476],[-46.7166,-23.56456],[-46.7166,-23.56418],[-46.71641,-23.56399],[-46.71641,-23.5637],[-46.7168,-23.56361],[-46.7168,-23.56351],[-46.71718,-23.56342],[-46.71718,-23.56332],[-46.71775,-23.56313],[-46.71775,-23.56303],[-46.71833,-23.56303],[-46.71833,-23.56294],[-46.71909,-23.56284],[-46.71928,-23.56265],[-46.71947,-23.56188],[-46.71957,-23.56198],[-46.71976,-23.56188],[-46.71976,-23.56179],[-46.71919,-23.56179],[-46.719,-23.5616],[-46.71852,-23.5616],[-46.71833,-23.56179],[-46.71794,-23.56169],[-46.71785,-23.56121],[-46.71794,-23.56121],[-46.71794,-23.56083],[-46.71804,-23.56083],[-46.71804,-23.56026],[-46.71861,-23.56016],[-46.71861,-23.56007],[-46.71928,-23.56007],[-46.71928,-23.55997],[-46.72024,-23.55997],[-46.72043,-23.56026],[-46.72062,-23.56026],[-46.72081,-23.56045],[-46.72101,-23.56102],[-46.72129,-23.56112],[-46.72225,-23.55997],[-46.72273,-23.55987],[-46.72273,-23.5592],[-46.72282,-23.5592],[-46.72282,-23.55901],[-46.72263,-23.55892],[-46.72273,-23.55777],[-46.72311,-23.55777],[-46.7234,-23.55806],[-46.72368,-23.55882],[-46.72388,-23.55882],[-46.72388,-23.55873],[-46.72445,-23.55882],[-46.72445,-23.55901],[-46.72483,-23.5594],[-46.72493,-23.56016],[-46.72541,-23.56054],[-46.7256,-23.56131],[-46.72589,-23.56131],[-46.72589,-23.56121],[-46.72646,-23.56112],[-46.72656,-23.56093],[-46.72684,-23.56093],[-46.72684,-23.56083],[-46.72723,-23.56074],[-46.72742,-23.56054],[-46.7277,-23.56054],[-46.7277,-23.56045],[-46.72809,-23.56035],[-46.72828,-23.56016],[-46.72856,-23.56016],[-46.72856,-23.56007],[-46.72914,-23.55987],[-46.72914,-23.55978],[-46.72933,-23.55978],[-46.72952,-23.55959],[-46.72981,-23.55959],[-46.73,-23.5594],[-46.73019,-23.5594],[-46.73029,-23.5592],[-46.73105,-23.55901],[-46.73124,-23.55882],[-46.7322,-23.55882],[-46.7323,-23.55863],[-46.73258,-23.55863],[-46.73278,-23.55882],[-46.73297,-23.55882],[-46.73297,-23.55873],[-46.73325,-23.55873],[-46.73325,-23.55882],[-46.7345,-23.55882],[-46.73459,-23.55873],[-46.73459,-23.55834],[-46.73488,-23.55815],[-46.73488,-23.55796],[-46.73507,-23.55777],[-46.73593,-23.55767],[-46.73593,-23.55739],[-46.73622,-23.5571],[-46.7366,-23.5572],[-46.7366,-23.55729],[-46.7367,-23.5572],[-46.73718,-23.5572],[-46.73718,-23.5571],[-46.73756,-23.5572],[-46.73766,-23.55691],[-46.73785,-23.55691],[-46.73804,-23.55672],[-46.73852,-23.55691],[-46.73861,-23.55672],[-46.73842,-23.55672],[-46.73804,-23.55624],[-46.73842,-23.55633],[-46.73852,-23.55653],[-46.7389,-23.55662],[-46.7389,-23.55672],[-46.73966,-23.55672],[-46.73966,-23.55662],[-46.73986,-23.55662],[-46.74005,-23.55643],[-46.74005,-23.55624],[-46.73976,-23.55605],[-46.73976,-23.55586],[-46.73928,-23.55538],[-46.73909,-23.55538],[-46.73899,-23.55519],[-46.7388,-23.55519],[-46.73852,-23.5549],[-46.73832,-23.5549],[-46.73794,-23.55452],[-46.73804,-23.55442],[-46.73823,-23.55442],[-46.73823,-23.55452],[-46.73919,-23.55442],[-46.73928,-23.55413],[-46.73947,-23.55413],[-46.73957,-23.55394],[-46.73976,-23.55394],[-46.74005,-23.55365],[-46.74024,-23.55365],[-46.741,-23.55279],[-46.74139,-23.55279],[-46.7412,-23.5526],[-46.7412,-23.55222],[-46.74139,-23.55212],[-46.74148,-23.55145],[-46.74081,-23.55136],[-46.741,-23.55088],[-46.74139,-23.55059],[-46.74139,-23.55031],[-46.741,-23.55031],[-46.74081,-23.5505],[-46.74062,-23.5505],[-46.74062,-23.55021],[-46.74072,-23.55021],[-46.74072,-23.55002],[-46.741,-23.54973],[-46.7411,-23.54916],[-46.74158,-23.54877],[-46.74167,-23.5482],[-46.74158,-23.5482],[-46.74148,-23.54763],[-46.74187,-23.54734],[-46.74187,-23.54705],[-46.74167,-23.54705],[-46.74167,-23.54686],[-46.74196,-23.54657],[-46.74196,-23.54629],[-46.74187,-23.54629],[-46.74177,-23.54581],[-46.74167,-23.54581],[-46.74167,-23.54495],[-46.74206,-23.54456],[-46.74206,-23.5437],[-46.74187,-23.54351],[-46.74177,-23.54236],[-46.74167,-23.54236],[-46.74158,-23.54198],[-46.74139,-23.54188],[-46.74139,-23.5416],[-46.74129,-23.5416],[-46.74139,-23.54121],[-46.74158,-23.54112],[-46.74167,-23.54074],[-46.74196,-23.54045],[-46.74215,-23.54045],[-46.74225,-23.54026],[-46.74263,-23.54026],[-46.74263,-23.54016],[-46.74311,-23.54026],[-46.74311,-23.53997],[-46.7433,-23.53978],[-46.74387,-23.53959],[-46.74397,-23.5394],[-46.74435,-23.5393],[-46.74435,-23.53921],[-46.74598,-23.5393],[-46.74608,-23.53949],[-46.74655,-23.53959],[-46.74684,-23.53988],[-46.74703,-23.53988],[-46.74732,-23.54016],[-46.74732,-23.54035],[-46.74742,-23.54035],[-46.74742,-23.54064],[-46.7478,-23.54064],[-46.74799,-23.54016],[-46.74837,-23.54016],[-46.74837,-23.54007],[-46.74952,-23.54007],[-46.74952,-23.53997],[-46.7499,-23.53997],[-46.7499,-23.53988],[-46.75143,-23.53997],[-46.75143,-23.54016],[-46.75115,-23.54045],[-46.75057,-23.54055],[-46.75057,-23.54064],[-46.75105,-23.54064],[-46.75105,-23.54055],[-46.75134,-23.54055],[-46.75134,-23.54045],[-46.75163,-23.54045],[-46.75163,-23.54035],[-46.75201,-23.54035],[-46.7522,-23.53988],[-46.75249,-23.53988],[-46.75258,-23.53968],[-46.75316,-23.53959],[-46.75316,-23.5393],[-46.75287,-23.5393],[-46.75287,-23.53911],[-46.75325,-23.53901],[-46.75325,-23.53882],[-46.75344,-23.53873],[-46.75344,-23.53834],[-46.75363,-23.53815],[-46.75373,-23.53758],[-46.7543,-23.5371],[-46.7543,-23.5349],[-46.75421,-23.5349],[-46.75421,-23.53452],[-46.75411,-23.53452],[-46.75411,-23.53423],[-46.75402,-23.53423],[-46.75392,-23.53318],[-46.75383,-23.53318],[-46.75373,-23.5327],[-46.75363,-23.5327],[-46.75363,-23.53212],[-46.75373,-23.53212],[-46.75383,-23.53136],[-46.75306,-23.53145],[-46.75297,-23.53136],[-46.75297,-23.53098],[-46.75316,-23.53078],[-46.75086,-23.53088],[-46.75086,-23.53069],[-46.75096,-23.53059],[-46.75163,-23.53059],[-46.75163,-23.5305],[-46.75249,-23.5304],[-46.75249,-23.53031],[-46.75277,-23.53031],[-46.75277,-23.53021],[-46.75316,-23.53021],[-46.75344,-23.52992],[-46.75363,-23.52992],[-46.75363,-23.52983],[-46.75392,-23.52983],[-46.75411,-23.52964],[-46.7545,-23.52954],[-46.7545,-23.52944],[-46.75507,-23.52925],[-46.75517,-23.52906],[-46.75488,-23.52906],[-46.75488,-23.52916],[-46.7545,-23.52925],[-46.7545,-23.52935],[-46.75421,-23.52935],[-46.75421,-23.52944],[-46.75383,-23.52954],[-46.75363,-23.52973],[-46.75316,-23.52983],[-46.75316,-23.52992],[-46.75297,-23.52992],[-46.75277,-23.53011],[-46.75239,-23.53011],[-46.75239,-23.53021],[-46.75201,-23.53021],[-46.75201,-23.53031],[-46.75115,-23.53031],[-46.75105,-23.52944],[-46.75182,-23.52944],[-46.75191,-23.52925],[-46.7521,-23.52925],[-46.75249,-23.52887],[-46.75258,-23.52839],[-46.75297,-23.52811],[-46.75277,-23.52677],[-46.75297,-23.52677],[-46.75316,-23.52657],[-46.75344,-23.52657],[-46.75344,-23.52648],[-46.75411,-23.52638],[-46.7543,-23.52619],[-46.75459,-23.52619],[-46.75478,-23.526],[-46.75507,-23.526],[-46.75507,-23.5259],[-46.75536,-23.5259],[-46.75536,-23.52581],[-46.75593,-23.52581],[-46.75612,-23.526],[-46.75631,-23.526],[-46.75622,-23.52696],[-46.75641,-23.52705],[-46.75651,-23.52744],[-46.75708,-23.52734],[-46.75708,-23.52724],[-46.75746,-23.52724],[-46.75775,-23.52753],[-46.75794,-23.52753],[-46.75804,-23.52782],[-46.75851,-23.5282],[-46.75851,-23.52849],[-46.75832,-23.52849],[-46.75823,-23.52868],[-46.75861,-23.52868],[-46.75861,-23.52878],[-46.75899,-23.52868],[-46.75899,-23.52878],[-46.75938,-23.52887],[-46.75966,-23.52925],[-46.75985,-23.52925],[-46.76005,-23.52954],[-46.76024,-23.52954],[-46.76024,-23.52964],[-46.76052,-23.52954],[-46.76081,-23.5304],[-46.76129,-23.5304],[-46.76129,-23.53059],[-46.76167,-23.53069],[-46.76186,-23.53088],[-46.76177,-23.53098],[-46.76177,-23.53136],[-46.76206,-23.53145],[-46.76225,-23.53126],[-46.76215,-23.53059],[-46.76196,-23.53059],[-46.76158,-23.53021],[-46.76158,-23.53002],[-46.76196,-23.52992],[-46.76196,-23.53002],[-46.76234,-23.53011],[-46.76234,-23.53002],[-46.76263,-23.53002],[-46.76292,-23.52973],[-46.76292,-23.52954],[-46.76311,-23.52944],[-46.76311,-23.52916],[-46.7632,-23.52916],[-46.76311,-23.5283],[-46.7632,-23.5283],[-46.7633,-23.52772],[-46.76368,-23.52734],[-46.76387,-23.52734],[-46.76397,-23.52715],[-46.76416,-23.52715],[-46.76445,-23.52686],[-46.76454,-23.52657],[-46.76512,-23.5261],[-46.76512,-23.5259],[-46.76531,-23.5259],[-46.76598,-23.52523],[-46.76655,-23.52504],[-46.76684,-23.52476],[-46.76703,-23.52476],[-46.76732,-23.52437],[-46.76799,-23.52418],[-46.76866,-23.52342],[-46.76894,-23.52342],[-46.76914,-23.52322],[-46.77,-23.52322],[-46.77,-23.52313],[-46.77086,-23.52332],[-46.77095,-23.52351],[-46.77124,-23.52361],[-46.77124,-23.5238],[-46.77182,-23.52437],[-46.77191,-23.52533],[-46.77172,-23.52543],[-46.77162,-23.5261],[-46.77172,-23.5261],[-46.77172,-23.52638],[-46.77191,-23.52657],[-46.7721,-23.52744],[-46.77229,-23.52763],[-46.77229,-23.5283],[-46.77239,-23.5283],[-46.77229,-23.52954],[-46.77258,-23.52983],[-46.77287,-23.52983],[-46.77287,-23.52992],[-46.77258,-23.53002],[-46.77258,-23.53021],[-46.77277,-23.53021],[-46.77277,-23.5304],[-46.77306,-23.5305],[-46.77296,-23.53174],[-46.77287,-23.53174],[-46.77287,-23.53203],[-46.77277,-23.53203],[-46.77287,-23.53576],[-46.77296,-23.53576],[-46.77306,-23.53413],[-46.77316,-23.53413],[-46.77316,-23.53394],[-46.77344,-23.53385],[-46.77354,-23.53346],[-46.77363,-23.53346],[-46.77363,-23.53318],[-46.77373,-23.53318],[-46.77373,-23.53289],[-46.77402,-23.53289],[-46.7743,-23.5326],[-46.7744,-23.53222],[-46.77469,-23.53203],[-46.77469,-23.53184],[-46.77488,-23.53165],[-46.77507,-23.53165],[-46.77526,-23.53145],[-46.77545,-23.53078],[-46.77564,-23.53078],[-46.77574,-23.53059],[-46.77593,-23.53069],[-46.77593,-23.53098],[-46.77622,-23.53117],[-46.77622,-23.53155],[-46.7767,-23.53155],[-46.7767,-23.53145],[-46.77727,-23.53136],[-46.77727,-23.53126],[-46.77765,-23.53117],[-46.77765,-23.53107],[-46.77842,-23.53098],[-46.77851,-23.53069],[-46.7788,-23.53059],[-46.7788,-23.5305],[-46.77937,-23.53059],[-46.77937,-23.53031],[-46.77957,-23.5305],[-46.77995,-23.5305],[-46.78004,-23.5304],[-46.77995,-23.52983],[-46.78033,-23.52983],[-46.78043,-23.52973],[-46.78043,-23.52954],[-46.78033,-23.52964],[-46.78004,-23.52954],[-46.78024,-23.52925],[-46.78081,-23.52935],[-46.781,-23.52916],[-46.78119,-23.52916],[-46.78119,-23.52906],[-46.78177,-23.52906],[-46.78177,-23.52897],[-46.78215,-23.52887],[-46.78234,-23.52868],[-46.78234,-23.52849],[-46.78253,-23.52839],[-46.78263,-23.52811],[-46.78311,-23.5282],[-46.78311,-23.52811],[-46.78339,-23.52811],[-46.78339,-23.52801],[-46.78368,-23.52801],[-46.78368,-23.52791],[-46.78406,-23.52791],[-46.78406,-23.52782],[-46.78425,-23.52791],[-46.78425,-23.52811],[-46.78454,-23.52811],[-46.78454,-23.52782],[-46.78492,-23.52801],[-46.7854,-23.52753],[-46.78559,-23.52753],[-46.78559,-23.52724],[-46.78579,-23.52715],[-46.78579,-23.52696],[-46.78588,-23.52696],[-46.78607,-23.52648],[-46.78626,-23.52648],[-46.78626,-23.52677],[-46.78655,-23.52705],[-46.78665,-23.52696],[-46.78665,-23.52648],[-46.78684,-23.52657],[-46.78693,-23.5261],[-46.78703,-23.5261],[-46.78703,-23.52562],[-46.78713,-23.52562],[-46.78722,-23.52523],[-46.78751,-23.52495],[-46.78751,-23.52437],[-46.7876,-23.52437],[-46.7876,-23.52409],[-46.7877,-23.52409],[-46.7877,-23.5238],[-46.78741,-23.52351],[-46.78751,-23.52313],[-46.7878,-23.52313],[-46.7878,-23.52303],[-46.78847,-23.52313],[-46.78847,-23.52322],[-46.78885,-23.52332],[-46.78894,-23.52351],[-46.78913,-23.52351],[-46.78961,-23.52399],[-46.78971,-23.52447],[-46.7898,-23.52447],[-46.7898,-23.52466],[-46.7899,-23.52466],[-46.7899,-23.52485],[-46.79009,-23.52504],[-46.7899,-23.52638],[-46.79019,-23.52657],[-46.79038,-23.52715],[-46.79057,-23.52724],[-46.79047,-23.52801],[-46.79057,-23.52801],[-46.79057,-23.52839],[-46.79076,-23.52849],[-46.79076,-23.52925],[-46.79067,-23.52925],[-46.79057,-23.53002],[-46.79047,-23.53002],[-46.79047,-23.5305],[-46.79009,-23.53088],[-46.79009,-23.53107],[-46.7898,-23.53126],[-46.7898,-23.53145],[-46.78933,-23.53165],[-46.78904,-23.53203],[-46.78952,-23.53184],[-46.78971,-23.53155],[-46.7899,-23.53155],[-46.79038,-23.53107],[-46.79038,-23.53088],[-46.79057,-23.53078],[-46.79057,-23.53059],[-46.79076,-23.5304],[-46.79076,-23.53011],[-46.79105,-23.52992],[-46.79105,-23.52964],[-46.79143,-23.52954],[-46.79172,-23.52925],[-46.79172,-23.52878],[-46.79181,-23.52878],[-46.79181,-23.52858],[-46.7921,-23.5283],[-46.79258,-23.5282],[-46.79268,-23.52839],[-46.79306,-23.52839],[-46.79306,-23.52849],[-46.79344,-23.52858],[-46.79363,-23.52878],[-46.79363,-23.52925],[-46.79411,-23.52954],[-46.79411,-23.52983],[-46.79392,-23.53002],[-46.79421,-23.53002],[-46.79468,-23.5305],[-46.79497,-23.5305],[-46.79497,-23.5304],[-46.79516,-23.5304],[-46.79516,-23.53021],[-46.79535,-23.53021],[-46.79535,-23.5305],[-46.79545,-23.5305],[-46.79555,-23.53078],[-46.79622,-23.53088],[-46.79622,-23.5304],[-46.79641,-23.53021],[-46.7965,-23.52964],[-46.79669,-23.52944],[-46.79746,-23.52935],[-46.79784,-23.52973],[-46.79832,-23.52954],[-46.79842,-23.52944],[-46.79842,-23.52906],[-46.7987,-23.52878],[-46.7987,-23.5283],[-46.79918,-23.5282],[-46.79947,-23.52791],[-46.80014,-23.52772],[-46.80014,-23.52753],[-46.80081,-23.52686],[-46.80081,-23.52667],[-46.80186,-23.52562],[-46.80224,-23.52552],[-46.80253,-23.52523],[-46.80282,-23.52523],[-46.8032,-23.52485],[-46.80339,-23.52485],[-46.80349,-23.52466],[-46.80406,-23.52447],[-46.80492,-23.52361],[-46.80569,-23.52342],[-46.80569,-23.52332],[-46.80684,-23.52322],[-46.80684,-23.52313],[-46.80712,-23.52313],[-46.80712,-23.52303],[-46.8077,-23.52303],[-46.8077,-23.52294],[-46.80837,-23.52294],[-46.80837,-23.52303],[-46.80885,-23.52303],[-46.80885,-23.52313],[-46.80961,-23.52322],[-46.80961,-23.52332],[-46.8099,-23.52332],[-46.8099,-23.52342],[-46.81028,-23.52351],[-46.81095,-23.52418],[-46.81114,-23.52466],[-46.81133,-23.52466],[-46.81153,-23.52485],[-46.81181,-23.52562],[-46.81229,-23.5259],[-46.81239,-23.52619],[-46.81277,-23.52657],[-46.81325,-23.52667],[-46.81325,-23.52677],[-46.81363,-23.52677],[-46.81363,-23.52667],[-46.81392,-23.52667],[-46.81392,-23.52648],[-46.81411,-23.52648],[-46.81411,-23.52638],[-46.81487,-23.52638],[-46.81487,-23.52667],[-46.81459,-23.52696],[-46.81449,-23.52734],[-46.81401,-23.52782],[-46.81382,-23.52839],[-46.81344,-23.52868],[-46.81354,-23.52887],[-46.8142,-23.52897],[-46.8143,-23.52878],[-46.81449,-23.52878],[-46.81487,-23.52839],[-46.81507,-23.52839],[-46.81535,-23.52801],[-46.81583,-23.52811],[-46.81593,-23.52839],[-46.81602,-23.52839],[-46.81602,-23.52868],[-46.81583,-23.52878],[-46.81583,-23.52935],[-46.81641,-23.52954],[-46.81641,-23.53011],[-46.81621,-23.53021],[-46.81621,-23.5305],[-46.8165,-23.53069],[-46.8165,-23.53145],[-46.8166,-23.53145],[-46.8165,-23.5326],[-46.8166,-23.5326],[-46.8166,-23.53299],[-46.81669,-23.53299],[-46.8166,-23.53452],[-46.81641,-23.53471],[-46.81641,-23.5349],[-46.8166,-23.53509],[-46.81688,-23.53499],[-46.81688,-23.5349],[-46.81717,-23.53499],[-46.81717,-23.53538],[-46.81708,-23.53538],[-46.81708,-23.53557],[-46.81717,-23.53557],[-46.81717,-23.5371],[-46.81688,-23.5372],[-46.81679,-23.53777],[-46.8166,-23.53777],[-46.8165,-23.53806],[-46.81698,-23.53787],[-46.81708,-23.53758],[-46.81717,-23.53758],[-46.81727,-23.54007],[-46.81736,-23.54007],[-46.81736,-23.54064],[-46.81746,-23.54064],[-46.81755,-23.54121],[-46.81765,-23.54121],[-46.81765,-23.5416],[-46.81784,-23.54179],[-46.81784,-23.54131],[-46.81775,-23.54131],[-46.81765,-23.54045],[-46.81755,-23.54045],[-46.81755,-23.53978],[-46.81746,-23.53978],[-46.81746,-23.5372],[-46.81755,-23.5372],[-46.81765,-23.53576],[-46.81775,-23.53576],[-46.81775,-23.53155],[-46.81765,-23.53155],[-46.81765,-23.5304],[-46.81755,-23.5304],[-46.81755,-23.52983],[-46.81746,-23.52983],[-46.81746,-23.52916],[-46.81765,-23.52925],[-46.81765,-23.52868],[-46.81775,-23.52868],[-46.81775,-23.52887],[-46.81794,-23.52906],[-46.81794,-23.52944],[-46.81803,-23.52944],[-46.81803,-23.52992],[-46.81822,-23.52983],[-46.81822,-23.53002],[-46.81861,-23.53002],[-46.81861,-23.53011],[-46.81889,-23.53011],[-46.81889,-23.53021],[-46.81918,-23.53021],[-46.81918,-23.53011],[-46.8188,-23.53002],[-46.81851,-23.52964],[-46.81832,-23.52964],[-46.81832,-23.52944],[-46.81803,-23.52925],[-46.81803,-23.52897],[-46.81832,-23.52887],[-46.81832,-23.52878],[-46.8187,-23.52878],[-46.8188,-23.52868],[-46.81889,-23.52839],[-46.81899,-23.52839],[-46.81899,-23.52811],[-46.81908,-23.52811],[-46.81908,-23.52791],[-46.81928,-23.52772],[-46.81956,-23.52772],[-46.81956,-23.52763],[-46.81975,-23.52772],[-46.81975,-23.52724],[-46.81966,-23.52724],[-46.81956,-23.52657],[-46.81947,-23.52657],[-46.81947,-23.52629],[-46.81937,-23.52629],[-46.81947,-23.526],[-46.81918,-23.52571],[-46.81908,-23.52514],[-46.81889,-23.52504],[-46.8188,-23.52466],[-46.81861,-23.52447],[-46.81861,-23.52418],[-46.81851,-23.52418],[-46.81851,-23.52399],[-46.8187,-23.5238],[-46.81899,-23.5238],[-46.81899,-23.5237],[-46.81937,-23.52361],[-46.81937,-23.52351],[-46.821,-23.52342],[-46.821,-23.52332],[-46.82129,-23.52332],[-46.82129,-23.52322],[-46.82157,-23.52322],[-46.82176,-23.52303],[-46.82196,-23.52303],[-46.82205,-23.52284],[-46.82224,-23.52284],[-46.82243,-23.52265],[-46.82272,-23.52265],[-46.82272,-23.52256],[-46.8231,-23.52265],[-46.8231,-23.52256],[-46.82349,-23.52256],[-46.82349,-23.52246],[-46.82502,-23.52246],[-46.82502,-23.52236],[-46.82597,-23.52227],[-46.82597,-23.52217],[-46.82655,-23.52198],[-46.82664,-23.52179],[-46.82722,-23.5216],[-46.82731,-23.52141],[-46.82751,-23.52141],[-46.8277,-23.52122],[-46.82865,-23.52112],[-46.82865,-23.52102],[-46.82932,-23.52102],[-46.82942,-23.52131],[-46.8298,-23.5215],[-46.8299,-23.52208],[-46.83009,-23.52189],[-46.83057,-23.52189],[-46.83057,-23.52198],[-46.83085,-23.52208],[-46.83085,-23.52236],[-46.83095,-23.52236],[-46.83105,-23.5216],[-46.83133,-23.52141],[-46.83143,-23.52093],[-46.83162,-23.52074],[-46.83229,-23.52064],[-46.83229,-23.52055],[-46.83258,-23.52055],[-46.83277,-23.52035],[-46.83306,-23.52035],[-46.83325,-23.52016],[-46.83353,-23.52016],[-46.83392,-23.51978],[-46.83411,-23.51978],[-46.8342,-23.51959],[-46.83497,-23.5193],[-46.83506,-23.51911],[-46.83612,-23.51892],[-46.8364,-23.51854],[-46.83688,-23.51863],[-46.83698,-23.51854],[-46.83688,-23.51796],[-46.83717,-23.51787],[-46.83736,-23.51825],[-46.83755,-23.51815],[-46.83755,-23.51787],[-46.83717,-23.51777],[-46.83727,-23.51758],[-46.83755,-23.51758],[-46.83774,-23.51739],[-46.83813,-23.51739],[-46.83813,-23.51729],[-46.83851,-23.51729],[-46.83851,-23.5172],[-46.8388,-23.5172],[-46.8388,-23.5171],[-46.83928,-23.5171],[-46.83928,-23.51701],[-46.83956,-23.51701],[-46.83956,-23.51729],[-46.84014,-23.51739],[-46.84014,-23.51748],[-46.84052,-23.51748],[-46.84061,-23.51729],[-46.84109,-23.5171],[-46.8409,-23.51681],[-46.84176,-23.51672],[-46.84176,-23.51662],[-46.84205,-23.51662],[-46.84205,-23.51653],[-46.84349,-23.51653],[-46.84358,-23.51643],[-46.84358,-23.51653],[-46.84463,-23.51662],[-46.84463,-23.51672],[-46.84502,-23.51672],[-46.84502,-23.51681],[-46.8454,-23.51681],[-46.8454,-23.51691],[-46.84645,-23.51701],[-46.84645,-23.5171],[-46.84798,-23.51729],[-46.84798,-23.51739],[-46.84846,-23.51739],[-46.84846,-23.51748],[-46.84904,-23.51748],[-46.84904,-23.51758],[-46.84942,-23.51758],[-46.84942,-23.51748],[-46.85066,-23.51758],[-46.85076,-23.51739],[-46.85114,-23.51729],[-46.85114,-23.5172],[-46.85143,-23.5172],[-46.85143,-23.5171],[-46.85277,-23.51701],[-46.85277,-23.5171],[-46.85315,-23.5171],[-46.85344,-23.51739],[-46.85382,-23.51748],[-46.85401,-23.51777],[-46.85516,-23.51806],[-46.85535,-23.51834],[-46.85573,-23.51844],[-46.85573,-23.51854],[-46.85631,-23.51863],[-46.8565,-23.51911],[-46.85612,-23.5193],[-46.85621,-23.51978],[-46.85631,-23.51978],[-46.85621,-23.52016],[-46.85573,-23.52035],[-46.85573,-23.52045],[-46.85554,-23.52045],[-46.85525,-23.52074],[-46.85516,-23.52112],[-46.85497,-23.52122],[-46.85497,-23.5216],[-46.85487,-23.5216],[-46.85487,-23.52179],[-46.85468,-23.52198],[-46.85401,-23.52208],[-46.85382,-23.52189],[-46.85325,-23.52189],[-46.85325,-23.52198],[-46.85267,-23.52208],[-46.8521,-23.52265],[-46.852,-23.52322],[-46.85296,-23.52313],[-46.85334,-23.52275],[-46.85372,-23.52265],[-46.85372,-23.52256],[-46.85516,-23.52236],[-46.85573,-23.52179],[-46.85573,-23.5216],[-46.85602,-23.52131],[-46.85602,-23.52112],[-46.8564,-23.52102],[-46.8565,-23.52083],[-46.85755,-23.52083],[-46.85774,-23.52102],[-46.85832,-23.52112],[-46.85966,-23.52246],[-46.85966,-23.52265],[-46.85947,-23.52275],[-46.85947,-23.52294],[-46.85927,-23.52313],[-46.85918,-23.5238],[-46.85947,-23.5238],[-46.85975,-23.52342],[-46.86061,-23.52342],[-46.86071,-23.52322],[-46.861,-23.52322],[-46.861,-23.52313],[-46.86128,-23.52313],[-46.86128,-23.52303],[-46.86167,-23.52303],[-46.86176,-23.52332],[-46.86186,-23.52332],[-46.86176,-23.52418],[-46.86138,-23.52456],[-46.86138,-23.52495],[-46.86128,-23.52495],[-46.86138,-23.52533],[-46.86119,-23.52552],[-46.861,-23.52552],[-46.8609,-23.52571],[-46.86033,-23.5259],[-46.86033,-23.5261],[-46.86013,-23.52619],[-46.86013,-23.52648],[-46.85975,-23.52686],[-46.85956,-23.52686],[-46.85947,-23.52705],[-46.85908,-23.52715],[-46.8588,-23.52744],[-46.85851,-23.52744],[-46.85851,-23.52753],[-46.85803,-23.52744],[-46.85793,-23.52791],[-46.85813,-23.52801],[-46.85832,-23.52858],[-46.85889,-23.52906],[-46.85889,-23.52925],[-46.85908,-23.52944],[-46.85985,-23.52964],[-46.86004,-23.52983],[-46.86042,-23.52983],[-46.86042,-23.52992],[-46.86061,-23.52992],[-46.8608,-23.53011],[-46.86071,-23.53136],[-46.8608,-23.53136],[-46.8608,-23.53155],[-46.861,-23.53174],[-46.861,-23.53222],[-46.8608,-23.53232],[-46.86061,-23.53279],[-46.86033,-23.53279],[-46.86033,-23.53318],[-46.8609,-23.53375],[-46.86138,-23.53394],[-46.86176,-23.53433],[-46.86176,-23.53471],[-46.86147,-23.5349],[-46.86138,-23.53528],[-46.86119,-23.53538],[-46.86119,-23.53557],[-46.86109,-23.53557],[-46.86109,-23.53576],[-46.8609,-23.53595],[-46.86109,-23.53614],[-46.86109,-23.53633],[-46.86061,-23.53653],[-46.86023,-23.537],[-46.86042,-23.537],[-46.86052,-23.5372],[-46.86071,-23.5371],[-46.86071,-23.53729],[-46.8609,-23.53748],[-46.86186,-23.53758],[-46.86186,-23.53825],[-46.86176,-23.53825],[-46.86176,-23.53844],[-46.86186,-23.53844],[-46.86195,-23.53873],[-46.86205,-23.53863],[-46.86234,-23.53873],[-46.86243,-23.53844],[-46.86272,-23.53854],[-46.86281,-23.53825],[-46.86291,-23.53825],[-46.86291,-23.53739],[-46.86281,-23.53739],[-46.86281,-23.5372],[-46.86176,-23.5372],[-46.86176,-23.5371],[-46.86119,-23.5371],[-46.86109,-23.537],[-46.86109,-23.53662],[-46.86167,-23.53605],[-46.86195,-23.53528],[-46.86205,-23.53528],[-46.86205,-23.53499],[-46.86214,-23.53499],[-46.86214,-23.53471],[-46.86224,-23.53471],[-46.86224,-23.53433],[-46.86243,-23.53433],[-46.86243,-23.53413],[-46.86224,-23.53394],[-46.86176,-23.53385],[-46.86167,-23.53356],[-46.86138,-23.53356],[-46.86119,-23.53337],[-46.86109,-23.5327],[-46.86147,-23.5326],[-46.86147,-23.53251],[-46.86176,-23.53251],[-46.86205,-23.53222],[-46.86205,-23.53203],[-46.86224,-23.53193],[-46.86224,-23.53174],[-46.86253,-23.53155],[-46.86253,-23.53136],[-46.86301,-23.53117],[-46.86329,-23.53088],[-46.86339,-23.5305],[-46.86358,-23.5304],[-46.86348,-23.52964],[-46.86339,-23.52964],[-46.86339,-23.52906],[-46.86348,-23.52906],[-46.86348,-23.52878],[-46.86368,-23.52868],[-46.86377,-23.52801],[-46.86415,-23.52791],[-46.86415,-23.52763],[-46.86444,-23.52763],[-46.86454,-23.52677],[-46.86406,-23.52686],[-46.86406,-23.52677],[-46.86425,-23.52677],[-46.86415,-23.52657],[-46.86339,-23.52648],[-46.8631,-23.52677],[-46.86291,-23.52677],[-46.86281,-23.52715],[-46.86205,-23.52724],[-46.86186,-23.52696],[-46.86157,-23.52686],[-46.86147,-23.52629],[-46.86167,-23.5261],[-46.86186,-23.5261],[-46.86253,-23.52543],[-46.86253,-23.52523],[-46.86291,-23.52495],[-46.86291,-23.52476],[-46.86406,-23.52456],[-46.86415,-23.52418],[-46.86444,-23.52389],[-46.86463,-23.52389],[-46.86463,-23.5237],[-46.86387,-23.5238],[-46.86377,-23.52399],[-46.86339,-23.52409],[-46.86339,-23.5237],[-46.86348,-23.5237],[-46.86348,-23.52342],[-46.86368,-23.52322],[-46.86377,-23.52265],[-46.86406,-23.52236],[-46.86406,-23.52179],[-46.86396,-23.52169],[-46.86377,-23.52189],[-46.8631,-23.52189],[-46.8631,-23.52179],[-46.86272,-23.52169],[-46.86272,-23.5216],[-46.86243,-23.5216],[-46.86243,-23.5215],[-46.8609,-23.52141],[-46.8609,-23.5215],[-46.86042,-23.5215],[-46.86033,-23.52179],[-46.85994,-23.52179],[-46.85937,-23.52122],[-46.85937,-23.52102],[-46.85918,-23.52093],[-46.85918,-23.52074],[-46.85899,-23.52055],[-46.85832,-23.52045],[-46.85813,-23.52026],[-46.85784,-23.52026],[-46.85765,-23.52007],[-46.85746,-23.52007],[-46.85736,-23.51988],[-46.85717,-23.51988],[-46.85717,-23.51959],[-46.85688,-23.5193],[-46.85688,-23.51892],[-46.85707,-23.51873],[-46.85726,-23.51873],[-46.85726,-23.51863],[-46.85793,-23.51873],[-46.85746,-23.51825],[-46.85736,-23.51796],[-46.85765,-23.51787],[-46.85784,-23.51834],[-46.85803,-23.51834],[-46.85803,-23.51825],[-46.85841,-23.51815],[-46.85841,-23.51806],[-46.8587,-23.51806],[-46.8587,-23.51796],[-46.85908,-23.51787],[-46.85908,-23.51777],[-46.86004,-23.51739],[-46.86013,-23.5171],[-46.86023,-23.5171],[-46.86013,-23.51681],[-46.86004,-23.51681],[-46.86004,-23.51643],[-46.86013,-23.51634],[-46.86042,-23.51643],[-46.86042,-23.51653],[-46.86128,-23.51653],[-46.86147,-23.51624],[-46.86186,-23.51614],[-46.86205,-23.51595],[-46.86205,-23.51528],[-46.86234,-23.515],[-46.86253,-23.515],[-46.86281,-23.51471],[-46.8631,-23.51471],[-46.86329,-23.51452],[-46.86368,-23.51442],[-46.86377,-23.51423],[-46.86425,-23.51404],[-46.86444,-23.51375],[-46.86463,-23.51375],[-46.86482,-23.51346],[-46.8654,-23.51346],[-46.8653,-23.51299],[-46.86588,-23.51241],[-46.86588,-23.51222],[-46.86607,-23.51212],[-46.86635,-23.51098],[-46.86655,-23.51079],[-46.86655,-23.51059],[-46.86664,-23.51059],[-46.86664,-23.51031],[-46.86722,-23.50973],[-46.8676,-23.50964],[-46.8676,-23.50954],[-46.86789,-23.50954],[-46.86789,-23.50945],[-46.86913,-23.50945],[-46.86913,-23.50954],[-46.86942,-23.50954],[-46.86942,-23.50964],[-46.8698,-23.50973],[-46.86989,-23.50992],[-46.87009,-23.50992],[-46.87066,-23.5105],[-46.87066,-23.51098],[-46.87056,-23.51098],[-46.87056,-23.51145],[-46.87066,-23.51155],[-46.87085,-23.51155],[-46.87085,-23.51136],[-46.87114,-23.51126],[-46.87171,-23.51184],[-46.8719,-23.51184],[-46.8721,-23.51212],[-46.87229,-23.51212],[-46.87257,-23.51241],[-46.87334,-23.51241],[-46.87334,-23.51251],[-46.87372,-23.51251],[-46.87372,-23.5126],[-46.8742,-23.5126],[-46.8742,-23.5127],[-46.87449,-23.5127],[-46.87449,-23.51279],[-46.87468,-23.51279],[-46.87468,-23.51289],[-46.87516,-23.51308],[-46.87506,-23.51385],[-46.87497,-23.51385],[-46.87487,-23.51423],[-46.87468,-23.51433],[-46.87449,-23.5149],[-46.8743,-23.5149],[-46.8743,-23.51614],[-46.87449,-23.51614],[-46.87449,-23.51595],[-46.87477,-23.51576],[-46.87477,-23.51557],[-46.87506,-23.51528],[-46.87525,-23.51528],[-46.87602,-23.51452],[-46.87611,-23.51375],[-46.87621,-23.51375],[-46.87621,-23.51308],[-46.87631,-23.51299],[-46.87784,-23.51299],[-46.87784,-23.51308],[-46.87793,-23.51299],[-46.87899,-23.51299],[-46.87908,-23.51318],[-46.87927,-23.51318],[-46.87946,-23.51337],[-46.87966,-23.51433],[-46.87975,-23.51433],[-46.87975,-23.51452],[-46.87985,-23.51452],[-46.87985,-23.51471],[-46.88004,-23.5149],[-46.88004,-23.50973],[-46.87994,-23.50973],[-46.87994,-23.51002],[-46.87966,-23.51031],[-46.87927,-23.51031],[-46.87927,-23.51021],[-46.87908,-23.51031],[-46.87908,-23.51021],[-46.87879,-23.51021],[-46.8786,-23.51002],[-46.87765,-23.51002],[-46.87765,-23.50992],[-46.87678,-23.51002],[-46.87659,-23.50983],[-46.87602,-23.50983],[-46.87592,-23.5104],[-46.87583,-23.5104],[-46.87583,-23.51059],[-46.87564,-23.51079],[-46.87497,-23.51079],[-46.87477,-23.51059],[-46.87439,-23.5105],[-46.87449,-23.50945],[-46.8743,-23.50925],[-46.87391,-23.50945],[-46.87391,-23.50964],[-46.87372,-23.50973],[-46.87372,-23.50992],[-46.87353,-23.51012],[-46.87296,-23.51012],[-46.87296,-23.51002],[-46.87277,-23.51002],[-46.87248,-23.50973],[-46.87248,-23.50954],[-46.8719,-23.50897],[-46.87143,-23.50878],[-46.87133,-23.50868],[-46.87133,-23.50782],[-46.87123,-23.50782],[-46.87123,-23.50724],[-46.87114,-23.50715],[-46.87095,-23.50724],[-46.87085,-23.50763],[-46.87076,-23.50763],[-46.87076,-23.5083],[-46.87085,-23.5083],[-46.87085,-23.50849],[-46.87104,-23.50858],[-46.87104,-23.50887],[-46.87114,-23.50887],[-46.87114,-23.50916],[-46.87095,-23.50916],[-46.87066,-23.50878],[-46.87037,-23.50868],[-46.87037,-23.50849],[-46.86942,-23.50753],[-46.86923,-23.50753],[-46.86913,-23.50734],[-46.86894,-23.50734],[-46.86875,-23.50705],[-46.86856,-23.50705],[-46.86836,-23.50686],[-46.86808,-23.50686],[-46.86808,-23.50677],[-46.86568,-23.50677],[-46.86568,-23.50686],[-46.86521,-23.50686],[-46.86511,-23.50657],[-46.86425,-23.50629],[-46.86415,-23.50619],[-46.86415,-23.50581],[-46.86396,-23.50562],[-46.86281,-23.50562],[-46.86281,-23.50552],[-46.86234,-23.50552],[-46.86214,-23.50533],[-46.86167,-23.50543],[-46.86167,-23.50533],[-46.86119,-23.50533],[-46.8609,-23.50504],[-46.8609,-23.50447],[-46.861,-23.50447],[-46.86109,-23.5038],[-46.86157,-23.5037],[-46.86157,-23.50313],[-46.86186,-23.50294],[-46.86176,-23.50256],[-46.86157,-23.50256],[-46.86186,-23.50131],[-46.86224,-23.50093],[-46.86243,-23.50093],[-46.86253,-23.50074],[-46.86272,-23.50074],[-46.86281,-23.50055],[-46.86301,-23.50055],[-46.8632,-23.50026],[-46.86339,-23.50026],[-46.86368,-23.49997],[-46.86435,-23.49988],[-46.86454,-23.49968],[-46.86521,-23.49959],[-46.8653,-23.4994],[-46.86549,-23.4994],[-46.86568,-23.49968],[-46.86607,-23.49978],[-46.86597,-23.50083],[-46.86607,-23.50083],[-46.86607,-23.50112],[-46.86626,-23.50122],[-46.86626,-23.50141],[-46.86645,-23.5016],[-46.86683,-23.50169],[-46.86683,-23.50179],[-46.86712,-23.50179],[-46.86712,-23.50141],[-46.86731,-23.50141],[-46.86731,-23.50122],[-46.8676,-23.50093],[-46.8676,-23.50045],[-46.8675,-23.50045],[-46.86741,-23.49988],[-46.86827,-23.49988],[-46.86827,-23.49997],[-46.86865,-23.49997],[-46.86865,-23.50007],[-46.86894,-23.50007],[-46.86894,-23.50016],[-46.86942,-23.50016],[-46.86942,-23.50026],[-46.86989,-23.50026],[-46.86989,-23.50035],[-46.87056,-23.50035],[-46.87056,-23.50045],[-46.87411,-23.50055],[-46.87411,-23.50045],[-46.87458,-23.50045],[-46.87458,-23.50035],[-46.87564,-23.50026],[-46.87583,-23.50007],[-46.87583,-23.49988],[-46.87573,-23.49988],[-46.87564,-23.49959],[-46.87544,-23.49959],[-46.87535,-23.49911],[-46.87573,-23.49911],[-46.87592,-23.49892],[-46.87659,-23.49892],[-46.87659,-23.49863],[-46.87602,-23.49863],[-46.87583,-23.49844],[-46.87583,-23.49796],[-46.87573,-23.49796],[-46.87564,-23.49768],[-46.87516,-23.49768],[-46.87525,-23.49758],[-46.87525,-23.49595],[-46.87535,-23.49595],[-46.87525,-23.49576],[-46.87411,-23.49547],[-46.87411,-23.49538],[-46.87372,-23.49538],[-46.87372,-23.49528],[-46.87286,-23.49528],[-46.87267,-23.49547],[-46.8719,-23.49557],[-46.87171,-23.49576],[-46.87123,-23.49586],[-46.87095,-23.49614],[-46.87076,-23.49614],[-46.87076,-23.49605],[-46.87018,-23.49605],[-46.86989,-23.49567],[-46.86913,-23.49547],[-46.86894,-23.49528],[-46.86856,-23.49519],[-46.86846,-23.495],[-46.86817,-23.495],[-46.86798,-23.49519],[-46.86798,-23.49538],[-46.8676,-23.49547],[-46.8675,-23.49567],[-46.86722,-23.49567],[-46.86712,-23.49557],[-46.86712,-23.49519],[-46.86702,-23.49519],[-46.86693,-23.49375],[-46.86702,-23.49375],[-46.86702,-23.49337],[-46.86712,-23.49337],[-46.86712,-23.49251],[-46.86722,-23.49251],[-46.86722,-23.49222],[-46.86731,-23.49222],[-46.86741,-23.49184],[-46.8676,-23.49174],[-46.8676,-23.49155],[-46.86769,-23.49155],[-46.86769,-23.49136],[-46.86789,-23.49117],[-46.86808,-23.49117],[-46.86827,-23.49088],[-46.86846,-23.49088],[-46.86836,-23.4905],[-46.86865,-23.4904],[-46.86884,-23.49012],[-46.86903,-23.49012],[-46.86913,-23.48992],[-46.86932,-23.48992],[-46.86961,-23.48964],[-46.86989,-23.48964],[-46.86999,-23.48945],[-46.87056,-23.48935],[-46.87085,-23.48906],[-46.87143,-23.48906],[-46.87143,-23.48897],[-46.87181,-23.48897],[-46.8719,-23.48916],[-46.8721,-23.48916],[-46.872,-23.48925],[-46.872,-23.48983],[-46.87248,-23.49002],[-46.87238,-23.48973],[-46.87229,-23.48973],[-46.87229,-23.48935],[-46.87238,-23.48935],[-46.87238,-23.48916],[-46.87257,-23.48897],[-46.87267,-23.48849],[-46.87286,-23.4883],[-46.87305,-23.4883],[-46.87315,-23.48811],[-46.87353,-23.48801],[-46.87363,-23.48782],[-46.87401,-23.48772],[-46.8743,-23.48744],[-46.87439,-23.48667],[-46.87487,-23.48667],[-46.87497,-23.48658],[-46.87506,-23.486],[-46.87525,-23.48581],[-46.87516,-23.48514],[-46.87544,-23.48485],[-46.87554,-23.48447],[-46.87573,-23.48437],[-46.87583,-23.48399],[-46.87592,-23.48399],[-46.87621,-23.48323],[-46.87631,-23.48323],[-46.87631,-23.48303],[-46.8765,-23.48284],[-46.8765,-23.48256],[-46.87669,-23.48246],[-46.87688,-23.48198],[-46.87774,-23.48112],[-46.87803,-23.48122],[-46.87803,-23.48131],[-46.87832,-23.48131],[-46.87841,-23.48112],[-46.8787,-23.48112],[-46.87879,-23.48074],[-46.87908,-23.48045],[-46.87918,-23.47997],[-46.88004,-23.4793],[-46.88004,-23.47567],[-46.87994,-23.47567],[-46.88004,-23.47557],[-46.88004,-23.47442],[-46.87985,-23.47442],[-46.87985,-23.47433],[-46.87966,-23.47433],[-46.87946,-23.47414],[-46.87937,-23.47385],[-46.87927,-23.47385],[-46.87927,-23.47356],[-46.87918,-23.47356],[-46.87918,-23.4726],[-46.87927,-23.4726],[-46.87937,-23.47184],[-46.87956,-23.47165],[-46.87956,-23.47146],[-46.87966,-23.47146],[-46.87966,-23.47126],[-46.88004,-23.47117],[-46.88004,-23.46887],[-46.87985,-23.46887],[-46.87966,-23.46906],[-46.87946,-23.46897],[-46.87946,-23.46906],[-46.87908,-23.46916],[-46.87889,-23.46935],[-46.87841,-23.46935],[-46.87841,-23.46945],[-46.87784,-23.46945],[-46.87784,-23.46935],[-46.87745,-23.46935],[-46.87745,-23.46925],[-46.87698,-23.46925],[-46.87698,-23.46935],[-46.87669,-23.46935],[-46.87669,-23.46945],[-46.87592,-23.46945],[-46.87544,-23.47002],[-46.87487,-23.47021],[-46.87487,-23.47031],[-46.87468,-23.47031],[-46.87449,-23.4705],[-46.8742,-23.4705],[-46.87401,-23.47079],[-46.87372,-23.47079],[-46.87372,-23.47088],[-46.87334,-23.47079],[-46.87334,-23.47088],[-46.87152,-23.47098],[-46.87152,-23.47126],[-46.87181,-23.47136],[-46.87181,-23.47146],[-46.87248,-23.47146],[-46.87248,-23.47155],[-46.87286,-23.47155],[-46.87286,-23.47165],[-46.87324,-23.47165],[-46.87324,-23.47174],[-46.87372,-23.47184],[-46.8742,-23.47232],[-46.8742,-23.47251],[-46.87439,-23.4726],[-46.87439,-23.4728],[-46.87477,-23.47318],[-46.87535,-23.47318],[-46.87583,-23.47375],[-46.87688,-23.47385],[-46.87717,-23.47356],[-46.87745,-23.47385],[-46.87745,-23.47404],[-46.87765,-23.47404],[-46.87793,-23.47433],[-46.87793,-23.47452],[-46.87812,-23.47471],[-46.87812,-23.47567],[-46.87822,-23.47567],[-46.87841,-23.47624],[-46.87851,-23.47624],[-46.87851,-23.47691],[-46.87841,-23.47691],[-46.87841,-23.47729],[-46.87822,-23.47748],[-46.87822,-23.47768],[-46.87812,-23.47768],[-46.87803,-23.47806],[-46.87765,-23.47844],[-46.87698,-23.47844],[-46.87688,-23.47825],[-46.87631,-23.47825],[-46.87631,-23.47835],[-46.87602,-23.47835],[-46.87554,-23.47882],[-46.87487,-23.47892],[-46.87487,-23.47882],[-46.87449,-23.47873],[-46.87391,-23.47806],[-46.87372,-23.47806],[-46.87353,-23.47787],[-46.87267,-23.47777],[-46.87267,-23.47787],[-46.87181,-23.47796],[-46.87181,-23.47787],[-46.87143,-23.47787],[-46.87133,-23.47758],[-46.87104,-23.47729],[-46.87085,-23.47729],[-46.87085,-23.4772],[-46.86942,-23.47691],[-46.86942,-23.47701],[-46.86884,-23.4771],[-46.86865,-23.47729],[-46.86827,-23.47739],[-46.8676,-23.47806],[-46.86674,-23.47825],[-46.86616,-23.47892],[-46.86597,-23.47892],[-46.86578,-23.47921],[-46.86559,-23.47921],[-46.86521,-23.47959],[-46.86521,-23.47978],[-46.86482,-23.48016],[-46.86463,-23.48016],[-46.86454,-23.48036],[-46.86377,-23.48045],[-46.86377,-23.48055],[-46.86329,-23.48055],[-46.86329,-23.48064],[-46.86301,-23.48064],[-46.86281,-23.48083],[-46.86262,-23.48083],[-46.86253,-23.48093],[-46.86253,-23.48131],[-46.86243,-23.48131],[-46.86243,-23.48169],[-46.86234,-23.48169],[-46.86224,-23.48208],[-46.86195,-23.48227],[-46.86195,-23.48246],[-46.86176,-23.48265],[-46.86138,-23.48275],[-46.86138,-23.48284],[-46.86061,-23.48284],[-46.86061,-23.48294],[-46.85841,-23.48303],[-46.85841,-23.48313],[-46.86157,-23.48313],[-46.86176,-23.48294],[-46.86195,-23.48294],[-46.86281,-23.48208],[-46.86281,-23.48189],[-46.86301,-23.48189],[-46.8631,-23.48169],[-46.86377,-23.48169],[-46.86396,-23.48189],[-46.86435,-23.48189],[-46.86435,-23.48179],[-46.86578,-23.48189],[-46.86616,-23.4815],[-46.86616,-23.48131],[-46.86626,-23.48131],[-46.86635,-23.48045],[-46.86655,-23.48026],[-46.86789,-23.48007],[-46.86817,-23.47978],[-46.86817,-23.47959],[-46.86836,-23.47949],[-46.86846,-23.47911],[-46.86865,-23.47892],[-46.86903,-23.47892],[-46.86951,-23.4794],[-46.86951,-23.47969],[-46.86961,-23.47969],[-46.86961,-23.48093],[-46.8697,-23.48093],[-46.8697,-23.48131],[-46.86989,-23.48131],[-46.86989,-23.4816],[-46.86942,-23.48208],[-46.86932,-23.48256],[-46.86903,-23.48284],[-46.86903,-23.48303],[-46.86875,-23.48332],[-46.86856,-23.48332],[-46.86836,-23.48361],[-46.8676,-23.4838],[-46.8675,-23.48409],[-46.86731,-23.48418],[-46.86731,-23.48437],[-46.86722,-23.48437],[-46.86722,-23.48457],[-46.8676,-23.48466],[-46.8676,-23.48457],[-46.86817,-23.48447],[-46.86817,-23.48437],[-46.86846,-23.48437],[-46.86846,-23.48428],[-46.86884,-23.48418],[-46.86884,-23.48409],[-46.86989,-23.4839],[-46.86989,-23.4838],[-46.87114,-23.4838],[-46.87114,-23.4839],[-46.87143,-23.4839],[-46.87171,-23.48418],[-46.8719,-23.48418],[-46.87238,-23.48466],[-46.87238,-23.48485],[-46.87248,-23.48485],[-46.87248,-23.486],[-46.8721,-23.48638],[-46.8721,-23.48667],[-46.87181,-23.48696],[-46.87162,-23.48696],[-46.87143,-23.48724],[-46.87104,-23.48734],[-46.87085,-23.48753],[-46.87047,-23.48753],[-46.87047,-23.48763],[-46.86903,-23.48753],[-46.86903,-23.48763],[-46.86827,-23.48763],[-46.86827,-23.48772],[-46.86741,-23.48772],[-46.86722,-23.48791],[-46.86722,-23.48811],[-46.86712,-23.48811],[-46.86702,-23.48858],[-46.86693,-23.48858],[-46.86674,-23.48964],[-46.86655,-23.48983],[-46.86655,-23.49002],[-46.86635,-23.49002],[-46.86635,-23.49012],[-46.86454,-23.49021],[-46.86454,-23.49012],[-46.86425,-23.49002],[-46.86415,-23.49031],[-46.86387,-23.49059],[-46.86339,-23.4905],[-46.86339,-23.4904],[-46.86205,-23.4904],[-46.86167,-23.49002],[-46.861,-23.49012],[-46.861,-23.49021],[-46.85994,-23.49031],[-46.85994,-23.4904],[-46.86119,-23.4904],[-46.86119,-23.49031],[-46.86138,-23.49031],[-46.86138,-23.4904],[-46.86195,-23.4905],[-46.86195,-23.49059],[-46.86243,-23.49059],[-46.86243,-23.49069],[-46.86301,-23.49079],[-46.86329,-23.49107],[-46.86329,-23.49126],[-46.86348,-23.49136],[-46.86348,-23.49155],[-46.86377,-23.49146],[-46.86387,-23.49193],[-46.86368,-23.49213],[-46.86368,-23.49232],[-46.86339,-23.49232],[-46.86339,-23.49241],[-46.86301,-23.49251],[-46.86291,-23.4928],[-46.86272,-23.49289],[-46.86272,-23.49308],[-46.86262,-23.49308],[-46.86262,-23.49327],[-46.86253,-23.49327],[-46.86253,-23.49394],[-46.86272,-23.49404],[-46.86272,-23.49442],[-46.86329,-23.495],[-46.86406,-23.49528],[-46.86435,-23.49567],[-46.86454,-23.49567],[-46.86463,-23.49586],[-46.86492,-23.49595],[-46.86492,-23.49634],[-46.86501,-23.49634],[-46.86501,-23.49653],[-46.86521,-23.49672],[-46.86521,-23.49701],[-46.86511,-23.49701],[-46.86511,-23.4972],[-46.86454,-23.49777],[-46.86387,-23.49787],[-46.86387,-23.49796],[-46.86358,-23.49796],[-46.86339,-23.49815],[-46.8632,-23.49815],[-46.86301,-23.49844],[-46.86281,-23.49844],[-46.86224,-23.49902],[-46.86186,-23.49911],[-46.86186,-23.49921],[-46.86157,-23.49921],[-46.86157,-23.4993],[-46.86128,-23.4993],[-46.86109,-23.49949],[-46.86061,-23.4994],[-46.86061,-23.49978],[-46.86042,-23.49997],[-46.86042,-23.50016],[-46.86033,-23.50016],[-46.86023,-23.50074],[-46.86013,-23.50074],[-46.86013,-23.50131],[-46.86004,-23.50131],[-46.86004,-23.5016],[-46.85985,-23.50179],[-46.85985,-23.50208],[-46.85975,-23.50208],[-46.85966,-23.5038],[-46.85956,-23.5038],[-46.85956,-23.50418],[-46.85947,-23.50418],[-46.85927,-23.50495],[-46.85899,-23.50504],[-46.8586,-23.506],[-46.85631,-23.5083],[-46.85612,-23.5083],[-46.85592,-23.50858],[-46.85554,-23.50868],[-46.85545,-23.50887],[-46.85478,-23.50897],[-46.85478,-23.50906],[-46.8543,-23.50906],[-46.8542,-23.50887],[-46.85382,-23.50878],[-46.85363,-23.50916],[-46.85248,-23.50916],[-46.85248,-23.50906],[-46.8521,-23.50897],[-46.8521,-23.50887],[-46.85104,-23.50897],[-46.85104,-23.50906],[-46.85028,-23.50916],[-46.8497,-23.50983],[-46.84884,-23.50983],[-46.84884,-23.50992],[-46.84578,-23.50992],[-46.84578,-23.51002],[-46.84253,-23.51002],[-46.84253,-23.50992],[-46.84157,-23.50992],[-46.84157,-23.51002],[-46.83994,-23.51002],[-46.83994,-23.51012],[-46.83966,-23.51012],[-46.83966,-23.51002],[-46.83956,-23.51012],[-46.83602,-23.51012],[-46.83573,-23.50983],[-46.83506,-23.50983],[-46.83506,-23.50992],[-46.83449,-23.51002],[-46.83449,-23.5105],[-46.8343,-23.51069],[-46.83411,-23.51069],[-46.83401,-23.51088],[-46.83353,-23.51098],[-46.83334,-23.51126],[-46.83315,-23.51126],[-46.83306,-23.51145],[-46.83248,-23.51165],[-46.83239,-23.51184],[-46.8321,-23.51184],[-46.83191,-23.51165],[-46.83133,-23.51155],[-46.83133,-23.51145],[-46.83066,-23.51155],[-46.83066,-23.51145],[-46.8299,-23.51145],[-46.8299,-23.51136],[-46.82951,-23.51136],[-46.82923,-23.51165],[-46.82904,-23.51165],[-46.82932,-23.51126],[-46.82923,-23.51117],[-46.82846,-23.51107],[-46.82818,-23.51079],[-46.82818,-23.51059],[-46.82626,-23.51059],[-46.82626,-23.5105],[-46.82559,-23.5105],[-46.82559,-23.5104],[-46.82492,-23.5105],[-46.82492,-23.51059],[-46.8232,-23.51059],[-46.82301,-23.51079],[-46.82301,-23.51126],[-46.82368,-23.51136],[-46.82368,-23.51145],[-46.8233,-23.51155],[-46.8233,-23.51165],[-46.82129,-23.51174],[-46.82129,-23.51165],[-46.82109,-23.51165],[-46.82109,-23.51126],[-46.82129,-23.51126],[-46.82129,-23.51117],[-46.82062,-23.51117],[-46.82033,-23.51145],[-46.82033,-23.51165],[-46.81956,-23.51232],[-46.81956,-23.51251],[-46.81918,-23.51289],[-46.81899,-23.51289],[-46.81899,-23.51299],[-46.81851,-23.51299],[-46.81851,-23.51289],[-46.81842,-23.51299],[-46.81794,-23.51299],[-46.81794,-23.51251],[-46.81784,-23.51251],[-46.81765,-23.51289],[-46.81717,-23.51289],[-46.81708,-23.51308],[-46.81669,-23.51299],[-46.8165,-23.51279],[-46.8165,-23.51241],[-46.81641,-23.51232],[-46.81631,-23.51232],[-46.81631,-23.51251],[-46.81593,-23.51289],[-46.81468,-23.51299],[-46.81468,-23.51289],[-46.8144,-23.51289],[-46.8144,-23.51279],[-46.81392,-23.51279],[-46.81382,-23.51241],[-46.81373,-23.51241],[-46.81363,-23.51174],[-46.81334,-23.51203],[-46.81334,-23.5126],[-46.81306,-23.51289],[-46.81239,-23.51289],[-46.81239,-23.51279],[-46.812,-23.51279],[-46.812,-23.5127],[-46.81172,-23.5127],[-46.81172,-23.5126],[-46.81133,-23.5126],[-46.81133,-23.51251],[-46.81076,-23.51241],[-46.81038,-23.51203],[-46.81038,-23.51174],[-46.81028,-23.51174],[-46.81038,-23.51155],[-46.81028,-23.51155],[-46.81019,-23.51117],[-46.80932,-23.51117],[-46.80932,-23.51126],[-46.80913,-23.51126],[-46.80913,-23.51145],[-46.81057,-23.51289],[-46.81057,-23.51318],[-46.81028,-23.51318],[-46.81028,-23.51308],[-46.80999,-23.51318],[-46.80952,-23.5127],[-46.80952,-23.51251],[-46.80932,-23.51241],[-46.80932,-23.51222],[-46.80904,-23.51193],[-46.80856,-23.51184],[-46.80837,-23.51165],[-46.8077,-23.51165],[-46.8077,-23.51184],[-46.80712,-23.51174],[-46.80712,-23.51184],[-46.80684,-23.51184],[-46.80684,-23.51193],[-46.80665,-23.51193],[-46.80645,-23.51212],[-46.80607,-23.51222],[-46.80607,-23.51232],[-46.80569,-23.51232],[-46.80569,-23.51241],[-46.8054,-23.51241],[-46.8054,-23.51232],[-46.80349,-23.51241],[-46.80349,-23.51251],[-46.80291,-23.5126],[-46.80272,-23.51279],[-46.80234,-23.51279],[-46.80234,-23.51289],[-46.80205,-23.51289],[-46.80205,-23.51299],[-46.80119,-23.51318],[-46.8011,-23.51337],[-46.8009,-23.51337],[-46.80043,-23.51385],[-46.79928,-23.51413],[-46.79909,-23.51433],[-46.79889,-23.51433],[-46.79889,-23.51442],[-46.79775,-23.51442],[-46.79775,-23.51452],[-46.79746,-23.51452],[-46.79727,-23.51471],[-46.79669,-23.5148],[-46.79669,-23.5149],[-46.79622,-23.515],[-46.79602,-23.51519],[-46.79545,-23.51528],[-46.79545,-23.51538],[-46.79497,-23.51547],[-46.79478,-23.51567],[-46.79449,-23.51567],[-46.79449,-23.51576],[-46.79421,-23.51576],[-46.79401,-23.51595],[-46.79373,-23.51595],[-46.79354,-23.51614],[-46.79325,-23.51614],[-46.79325,-23.51624],[-46.79287,-23.51634],[-46.79287,-23.51643],[-46.79248,-23.51643],[-46.79239,-23.51662],[-46.79201,-23.51672],[-46.79201,-23.51681],[-46.79172,-23.51681],[-46.79172,-23.51691],[-46.79134,-23.51701],[-46.79134,-23.5171],[-46.79076,-23.51729],[-46.79076,-23.51739],[-46.79038,-23.51748],[-46.79038,-23.51758],[-46.79009,-23.51758],[-46.7899,-23.51777],[-46.78961,-23.51777],[-46.78961,-23.51787],[-46.78933,-23.51787],[-46.78933,-23.51796],[-46.78894,-23.51796],[-46.78894,-23.51806],[-46.78856,-23.51806],[-46.78847,-23.51796],[-46.78847,-23.5171],[-46.78856,-23.5171],[-46.78856,-23.51691],[-46.78732,-23.51672],[-46.78732,-23.51653],[-46.7877,-23.51653],[-46.7877,-23.51643],[-46.78751,-23.51624],[-46.78732,-23.51624],[-46.78732,-23.51614],[-46.78722,-23.51624],[-46.78674,-23.51624],[-46.78665,-23.51614],[-46.78636,-23.51509],[-46.78569,-23.51509],[-46.78559,-23.5149],[-46.78521,-23.5148],[-46.78521,-23.51471],[-46.78473,-23.51471],[-46.78473,-23.51452],[-46.78464,-23.51452],[-46.78473,-23.51337],[-46.78464,-23.51337],[-46.78454,-23.51279],[-46.78435,-23.5127],[-46.78435,-23.51251],[-46.78416,-23.51241],[-46.78416,-23.51222],[-46.78397,-23.51203],[-46.78406,-23.51193],[-46.78397,-23.51098],[-46.78425,-23.51069],[-46.78435,-23.51031],[-46.78454,-23.51031],[-46.78454,-23.51021],[-46.78464,-23.51031],[-46.78531,-23.51031],[-46.78531,-23.51012],[-46.78512,-23.51002],[-46.78521,-23.50916],[-46.78636,-23.50811],[-46.78636,-23.50791],[-46.78674,-23.50763],[-46.78684,-23.50724],[-46.78713,-23.50696],[-46.78732,-23.50696],[-46.78732,-23.50667],[-46.78684,-23.50715],[-46.78655,-23.50705],[-46.78636,-23.50724],[-46.78617,-23.50724],[-46.7855,-23.5082],[-46.78521,-23.5082],[-46.78512,-23.50839],[-46.78492,-23.50839],[-46.78483,-23.50878],[-46.78454,-23.50878],[-46.78435,-23.50897],[-46.78425,-23.50945],[-46.78406,-23.50964],[-46.78349,-23.50954],[-46.78349,-23.50945],[-46.7833,-23.50945],[-46.78311,-23.50925],[-46.78282,-23.50925],[-46.78282,-23.50916],[-46.78253,-23.50916],[-46.78253,-23.50906],[-46.78225,-23.50906],[-46.78225,-23.50897],[-46.78138,-23.50887],[-46.78119,-23.50868],[-46.781,-23.50868],[-46.78052,-23.50811],[-46.78014,-23.50801],[-46.78004,-23.50772],[-46.77995,-23.50772],[-46.78004,-23.50724],[-46.78033,-23.50696],[-46.78052,-23.50696],[-46.78062,-23.50677],[-46.78081,-23.50677],[-46.78081,-23.50667],[-46.78215,-23.50667],[-46.78215,-23.50657],[-46.78253,-23.50657],[-46.78253,-23.50648],[-46.78292,-23.50638],[-46.78292,-23.50629],[-46.78339,-23.50619],[-46.78387,-23.50571],[-46.78406,-23.50514],[-46.78425,-23.50495],[-46.78445,-23.50495],[-46.78454,-23.50466],[-46.78464,-23.50466],[-46.78464,-23.50437],[-46.78435,-23.50418],[-46.78435,-23.50399],[-46.78445,-23.50399],[-46.78445,-23.5037],[-46.78464,-23.50361],[-46.78464,-23.50342],[-46.78483,-23.50332],[-46.78473,-23.50208],[-46.78464,-23.50198],[-46.78473,-23.50198],[-46.78473,-23.50179],[-46.78483,-23.50179],[-46.78483,-23.5016],[-46.78502,-23.5015],[-46.78512,-23.50122],[-46.78445,-23.50064],[-46.78445,-23.50045],[-46.78435,-23.50045],[-46.78435,-23.49978],[-46.78464,-23.49959],[-46.78464,-23.49873],[-46.78483,-23.49854],[-46.78387,-23.49854],[-46.78387,-23.49863],[-46.78359,-23.49863],[-46.78359,-23.49873],[-46.78253,-23.49863],[-46.78272,-23.49892],[-46.78349,-23.49892],[-46.78378,-23.49921],[-46.78368,-23.49968],[-46.78359,-23.49968],[-46.78359,-23.49988],[-46.78339,-23.49997],[-46.78339,-23.50026],[-46.7833,-23.50026],[-46.78339,-23.50208],[-46.7833,-23.50208],[-46.7832,-23.50256],[-46.78282,-23.50294],[-46.78196,-23.50284],[-46.78196,-23.50275],[-46.78177,-23.50275],[-46.78158,-23.50256],[-46.78158,-23.50236],[-46.78119,-23.50236],[-46.7811,-23.50256],[-46.781,-23.50246],[-46.77918,-23.50256],[-46.77918,-23.50265],[-46.7788,-23.50275],[-46.7788,-23.50284],[-46.77832,-23.50294],[-46.77832,-23.50303],[-46.77784,-23.50303],[-46.77765,-23.50284],[-46.77765,-23.50265],[-46.77756,-23.50265],[-46.77756,-23.50227],[-46.77727,-23.50198],[-46.7765,-23.50169],[-46.7765,-23.5016],[-46.77574,-23.5015],[-46.77574,-23.5016],[-46.77545,-23.5016],[-46.77545,-23.50169],[-46.77497,-23.50169],[-46.77488,-23.50189],[-46.77459,-23.50189],[-46.77459,-23.50208],[-46.77488,-23.50236],[-46.77488,-23.50294],[-46.77516,-23.50323],[-46.77507,-23.5039],[-46.77488,-23.50399],[-46.77469,-23.50447],[-46.7744,-23.50457],[-46.7744,-23.50476],[-46.77382,-23.50523],[-46.77373,-23.50571],[-46.77363,-23.50571],[-46.77363,-23.5061],[-46.77354,-23.5061],[-46.77354,-23.50734],[-46.77363,-23.50734],[-46.77363,-23.50791],[-46.77373,-23.50791],[-46.77363,-23.50801],[-46.77363,-23.50839],[-46.77335,-23.50868],[-46.77296,-23.50868],[-46.77287,-23.50849],[-46.77258,-23.50849],[-46.77268,-23.50925],[-46.77258,-23.50925],[-46.77239,-23.51002],[-46.7722,-23.51002],[-46.7722,-23.51012],[-46.7721,-23.51002],[-46.77182,-23.51002],[-46.77182,-23.51012],[-46.77115,-23.51002],[-46.77115,-23.51012],[-46.77076,-23.51021],[-46.77076,-23.51031],[-46.77038,-23.51031],[-46.77038,-23.51021],[-46.77,-23.51021],[-46.76981,-23.51002],[-46.76885,-23.51002],[-46.76885,-23.50992],[-46.76866,-23.50992],[-46.76856,-23.50925],[-46.76837,-23.50906],[-46.76828,-23.50858],[-46.76818,-23.50858],[-46.76808,-23.50801],[-46.76789,-23.50801],[-46.76761,-23.50839],[-46.76665,-23.50849],[-46.76646,-23.50878],[-46.76617,-23.50878],[-46.76617,-23.50887],[-46.76531,-23.50887],[-46.76531,-23.50897],[-46.76502,-23.50897],[-46.76502,-23.50906],[-46.76416,-23.50906],[-46.76416,-23.50897],[-46.7632,-23.50897],[-46.7632,-23.50887],[-46.76292,-23.50887],[-46.76282,-23.50849],[-46.76311,-23.5082],[-46.7632,-23.50772],[-46.76349,-23.50753],[-46.76359,-23.50715],[-46.76387,-23.50696],[-46.76387,-23.50677],[-46.76435,-23.50629],[-46.76416,-23.50629],[-46.76416,-23.5059],[-46.76406,-23.5059],[-46.76397,-23.50543],[-46.76378,-23.50533],[-46.76378,-23.50504],[-46.76359,-23.50504],[-46.7633,-23.50476],[-46.76311,-23.50428],[-46.76282,-23.50409],[-46.76301,-23.50457],[-46.7632,-23.50466],[-46.7632,-23.50485],[-46.76339,-23.50495],[-46.76339,-23.50514],[-46.76387,-23.50562],[-46.76397,-23.50619],[-46.76378,-23.50619],[-46.76368,-23.50581],[-46.76339,-23.50581],[-46.76339,-23.5059],[-46.76292,-23.5061],[-46.76292,-23.50638],[-46.76301,-23.50638],[-46.76301,-23.50763],[-46.76273,-23.50791],[-46.76234,-23.50791],[-46.76215,-23.50811],[-46.76196,-23.50811],[-46.76196,-23.50839],[-46.76215,-23.50849],[-46.76215,-23.50868],[-46.76244,-23.50897],[-46.76282,-23.50906],[-46.76292,-23.50925],[-46.76339,-23.50935],[-46.76339,-23.50945],[-46.76378,-23.50954],[-46.76378,-23.50964],[-46.76483,-23.50964],[-46.76483,-23.50973],[-46.76493,-23.50964],[-46.7654,-23.50964],[-46.7654,-23.50954],[-46.76607,-23.50954],[-46.76607,-23.50945],[-46.76694,-23.50925],[-46.76694,-23.50916],[-46.76761,-23.50916],[-46.7677,-23.50983],[-46.76751,-23.50992],[-46.76751,-23.5104],[-46.76741,-23.5104],[-46.76741,-23.51069],[-46.76722,-23.51079],[-46.76713,-23.51117],[-46.76751,-23.51117],[-46.76751,-23.51107],[-46.7677,-23.51107],[-46.7678,-23.51088],[-46.76799,-23.51088],[-46.76818,-23.51069],[-46.76904,-23.51069],[-46.76904,-23.51079],[-46.76942,-23.51079],[-46.76942,-23.51088],[-46.76971,-23.51088],[-46.76981,-23.51107],[-46.77,-23.51107],[-46.77019,-23.51174],[-46.77095,-23.51184],[-46.77143,-23.51232],[-46.77143,-23.51289],[-46.77124,-23.51299],[-46.77124,-23.51318],[-46.77105,-23.51327],[-46.77105,-23.51346],[-46.77086,-23.51366],[-46.77057,-23.51366],[-46.77038,-23.51385],[-46.76952,-23.51404],[-46.76942,-23.51423],[-46.77076,-23.51413],[-46.77076,-23.51423],[-46.77124,-23.51423],[-46.77124,-23.51433],[-46.77191,-23.51442],[-46.77201,-23.5148],[-46.77239,-23.51509],[-46.77258,-23.51567],[-46.77268,-23.51567],[-46.77277,-23.51605],[-46.77296,-23.51614],[-46.77296,-23.51634],[-46.77316,-23.51643],[-46.77316,-23.51662],[-46.77354,-23.51691],[-46.77363,-23.5172],[-46.77382,-23.5172],[-46.77411,-23.51748],[-46.77411,-23.51767],[-46.7743,-23.51777],[-46.7743,-23.51796],[-46.77459,-23.51825],[-46.77469,-23.51949],[-46.77459,-23.51949],[-46.77449,-23.51988],[-46.77411,-23.51988],[-46.77411,-23.51978],[-46.77382,-23.51978],[-46.77382,-23.51968],[-46.77115,-23.51978],[-46.77115,-23.51968],[-46.77076,-23.51968],[-46.77057,-23.51949],[-46.77019,-23.5194],[-46.77009,-23.51911],[-46.76961,-23.51901],[-46.76961,-23.51892],[-46.76856,-23.51892],[-46.76856,-23.51882],[-46.76828,-23.51882],[-46.76828,-23.51873],[-46.7677,-23.51873],[-46.76761,-23.51882],[-46.76741,-23.51863],[-46.76684,-23.51863],[-46.76665,-23.51882],[-46.76636,-23.51882],[-46.76636,-23.51892],[-46.7656,-23.51892],[-46.7656,-23.51882],[-46.76512,-23.51873],[-46.76512,-23.51863],[-46.76416,-23.51854],[-46.76416,-23.51844],[-46.76359,-23.51825],[-46.76349,-23.51806],[-46.7633,-23.51806],[-46.7632,-23.51787],[-46.76301,-23.51787],[-46.76282,-23.51767],[-46.76119,-23.51748],[-46.76119,-23.51739],[-46.76081,-23.51739],[-46.76081,-23.51729],[-46.75918,-23.51729],[-46.75909,-23.5171],[-46.75861,-23.5171],[-46.75861,-23.51748],[-46.75842,-23.51758],[-46.75842,-23.51777],[-46.75823,-23.51777],[-46.75823,-23.51767],[-46.75804,-23.51767],[-46.75804,-23.51777],[-46.75708,-23.51777],[-46.75698,-23.51767],[-46.75698,-23.51777],[-46.75631,-23.51777],[-46.75631,-23.51787],[-46.75574,-23.51796],[-46.75555,-23.51815],[-46.75555,-23.51834],[-46.75584,-23.51844],[-46.75584,-23.51863],[-46.75593,-23.51863],[-46.75593,-23.5193],[-46.75584,-23.5193],[-46.75584,-23.51959],[-46.75536,-23.52007],[-46.75488,-23.52016],[-46.75469,-23.52035],[-46.7544,-23.52035],[-46.75411,-23.52064],[-46.75392,-23.52064],[-46.75373,-23.52083],[-46.75344,-23.52083],[-46.75344,-23.52093],[-46.7522,-23.52093],[-46.7522,-23.52102],[-46.75182,-23.52102],[-46.75182,-23.52112],[-46.75143,-23.52112],[-46.75143,-23.52122],[-46.75124,-23.52122],[-46.75124,-23.52112]],[[-46.75124,-23.5215],[-46.75105,-23.5215],[-46.75105,-23.5216],[-46.75038,-23.5216],[-46.75038,-23.5215],[-46.75,-23.52141],[-46.75,-23.52122],[-46.74952,-23.52122],[-46.74923,-23.5215],[-46.74895,-23.5215],[-46.74895,-23.52083],[-46.74914,-23.52083],[-46.74914,-23.52045],[-46.74895,-23.52045],[-46.74895,-23.52035],[-46.74971,-23.52026],[-46.74971,-23.52035],[-46.7499,-23.52035],[-46.7499,-23.52055],[-46.74952,-23.52055],[-46.74962,-23.52083],[-46.74981,-23.52083],[-46.75,-23.52064],[-46.75,-23.52093],[-46.75009,-23.52093],[-46.75019,-23.52122],[-46.75124,-23.52122],[-46.75124,-23.5215]],[[-46.87296,-23.47921],[-46.87344,-23.47921],[-46.87344,-23.4793],[-46.87401,-23.4794],[-46.87401,-23.47949],[-46.87477,-23.47978],[-46.87477,-23.47988],[-46.87525,-23.47988],[-46.87525,-23.47997],[-46.87573,-23.48007],[-46.87573,-23.48016],[-46.87602,-23.48026],[-46.87602,-23.48074],[-46.87611,-23.48083],[-46.87602,-23.48083],[-46.87592,-23.48122],[-46.87573,-23.48131],[-46.87564,-23.48169],[-46.87544,-23.48179],[-46.87516,-23.48256],[-46.87497,-23.48275],[-46.87497,-23.48313],[-46.87487,-23.48313],[-46.87487,-23.48332],[-46.87468,-23.48351],[-46.87411,-23.48351],[-46.87391,-23.48332],[-46.87334,-23.48189],[-46.87315,-23.48169],[-46.87296,-23.48169],[-46.87296,-23.4816],[-46.87257,-23.4816],[-46.87219,-23.48122],[-46.87219,-23.48103],[-46.872,-23.48093],[-46.8719,-23.48055],[-46.87181,-23.48055],[-46.87181,-23.48007],[-46.8719,-23.48007],[-46.8719,-23.47978],[-46.8721,-23.47969],[-46.8721,-23.47949],[-46.87238,-23.4794],[-46.87267,-23.47911],[-46.87296,-23.47911],[-46.87296,-23.47921]],[[-46.51365,-23.48083],[-46.51432,-23.48083],[-46.51432,-23.48093],[-46.51518,-23.48103],[-46.51537,-23.48122],[-46.51566,-23.48122],[-46.51566,-23.48131],[-46.51643,-23.4816],[-46.51643,-23.48169],[-46.51681,-23.48179],[-46.517,-23.48198],[-46.51719,-23.48198],[-46.51719,-23.48208],[-46.51777,-23.48227],[-46.51777,-23.48246],[-46.51757,-23.48246],[-46.51757,-23.48236],[-46.51719,-23.48227],[-46.51719,-23.48217],[-46.51643,-23.48208],[-46.51614,-23.48179],[-46.51576,-23.48179],[-46.51576,-23.48189],[-46.51461,-23.48189],[-46.51461,-23.48179],[-46.51432,-23.48179],[-46.51413,-23.4815],[-46.51384,-23.4815],[-46.51384,-23.48141],[-46.51356,-23.48141],[-46.51356,-23.48131],[-46.51317,-23.48122],[-46.51317,-23.48093],[-46.51336,-23.48093],[-46.51346,-23.48074],[-46.51365,-23.48074],[-46.51365,-23.48083]],[[-46.51786,-23.48103],[-46.51824,-23.48103],[-46.51853,-23.48141],[-46.51891,-23.48141],[-46.51901,-23.4816],[-46.51987,-23.48169],[-46.51987,-23.48179],[-46.52025,-23.48189],[-46.52044,-23.48294],[-46.52064,-23.48303],[-46.52083,-23.48351],[-46.52111,-23.48361],[-46.52111,-23.4838],[-46.52083,-23.4838],[-46.52083,-23.4839],[-46.52035,-23.4838],[-46.52016,-23.48351],[-46.51997,-23.48351],[-46.51978,-23.48332],[-46.51958,-23.48275],[-46.5192,-23.48246],[-46.51911,-23.48217],[-46.51891,-23.48217],[-46.51882,-23.48198],[-46.51786,-23.4816],[-46.51767,-23.48141],[-46.51748,-23.48141],[-46.51729,-23.48122],[-46.5171,-23.48122],[-46.5171,-23.48112],[-46.51681,-23.48112],[-46.51671,-23.48093],[-46.51786,-23.48093],[-46.51786,-23.48103]],[[-46.51365,-23.48169],[-46.51461,-23.48208],[-46.51451,-23.48265],[-46.5147,-23.48275],[-46.5147,-23.48294],[-46.5149,-23.48313],[-46.51518,-23.48313],[-46.51528,-23.48284],[-46.51556,-23.48275],[-46.51556,-23.48303],[-46.51547,-23.48303],[-46.51547,-23.4837],[-46.51556,-23.4837],[-46.51556,-23.4839],[-46.51576,-23.48409],[-46.51604,-23.48409],[-46.51623,-23.48428],[-46.51643,-23.48428],[-46.51643,-23.48437],[-46.51604,-23.48447],[-46.51595,-23.48428],[-46.51547,-23.48428],[-46.51547,-23.4838],[-46.51528,-23.48361],[-46.5149,-23.48361],[-46.5148,-23.4838],[-46.51451,-23.4838],[-46.51432,-23.48447],[-46.51423,-23.48447],[-46.51413,-23.48409],[-46.51384,-23.48418],[-46.51403,-23.4839],[-46.51423,-23.4839],[-46.51442,-23.4837],[-46.51442,-23.48332],[-46.51413,-23.48332],[-46.51432,-23.48313],[-46.51432,-23.48294],[-46.51413,-23.48284],[-46.51423,-23.48256],[-46.51403,-23.48246],[-46.51403,-23.48217],[-46.51384,-23.48217],[-46.51365,-23.48189],[-46.51346,-23.48189],[-46.51336,-23.4816],[-46.51365,-23.4816],[-46.51365,-23.48169]],[[-46.51537,-23.48437],[-46.51528,-23.48447],[-46.51528,-23.48514],[-46.5147,-23.48524],[-46.51432,-23.48571],[-46.51423,-23.48571],[-46.51413,-23.48533],[-46.51384,-23.48504],[-46.51356,-23.48495],[-46.51365,-23.48476],[-46.51423,-23.48476],[-46.51442,-23.48504],[-46.5147,-23.48504],[-46.5147,-23.48476],[-46.5148,-23.48476],[-46.5149,-23.48437],[-46.51509,-23.48437],[-46.51509,-23.48447],[-46.51537,-23.48437]],[[-46.5215,-23.48457],[-46.52188,-23.48466],[-46.52207,-23.48495],[-46.52159,-23.48485],[-46.5215,-23.48524],[-46.5214,-23.48524],[-46.52121,-23.48504],[-46.52121,-23.48485],[-46.52111,-23.48485],[-46.52111,-23.48466],[-46.52083,-23.48457],[-46.52054,-23.48485],[-46.52054,-23.48504],[-46.52016,-23.48533],[-46.52016,-23.48552],[-46.51997,-23.48562],[-46.51997,-23.48581],[-46.51978,-23.48591],[-46.51978,-23.4861],[-46.51949,-23.48638],[-46.51911,-23.48629],[-46.51911,-23.48619],[-46.51882,-23.48619],[-46.51863,-23.486],[-46.51863,-23.48591],[-46.51911,-23.48591],[-46.5192,-23.48562],[-46.51997,-23.48543],[-46.52006,-23.48514],[-46.52025,-23.48504],[-46.52025,-23.48485],[-46.52035,-23.48485],[-46.52035,-23.48466],[-46.52054,-23.48466],[-46.52064,-23.48447],[-46.5215,-23.48447],[-46.5215,-23.48457]],[[-46.51595,-23.48485],[-46.51604,-23.48495],[-46.51604,-23.48533],[-46.51556,-23.48581],[-46.51556,-23.4861],[-46.51566,-23.4861],[-46.51576,-23.48648],[-46.51547,-23.48667],[-46.51547,-23.48715],[-46.51537,-23.48715],[-46.51537,-23.48734],[-46.51518,-23.48753],[-46.51518,-23.48782],[-46.5149,-23.48791],[-46.5148,-23.48763],[-46.5149,-23.48763],[-46.5149,-23.48696],[-46.51509,-23.48686],[-46.51518,-23.48552],[-46.51566,-23.48524],[-46.51576,-23.48485],[-46.51595,-23.48485]],[[-46.77899,-23.50485],[-46.77928,-23.50495],[-46.77937,-23.50523],[-46.77928,-23.50523],[-46.77928,-23.50543],[-46.7787,-23.506],[-46.77851,-23.506],[-46.77813,-23.50638],[-46.77804,-23.50724],[-46.77794,-23.50724],[-46.77794,-23.50772],[-46.77804,-23.50772],[-46.77813,-23.5083],[-46.77823,-23.5083],[-46.77823,-23.50858],[-46.77832,-23.50858],[-46.77842,-23.50925],[-46.7787,-23.50954],[-46.7788,-23.50992],[-46.77947,-23.5105],[-46.77947,-23.51069],[-46.77966,-23.51079],[-46.77985,-23.51136],[-46.78004,-23.51145],[-46.78014,-23.51203],[-46.78033,-23.51222],[-46.78033,-23.5126],[-46.78081,-23.51308],[-46.78081,-23.51327],[-46.781,-23.51337],[-46.7811,-23.51375],[-46.78129,-23.51394],[-46.78129,-23.51452],[-46.78148,-23.51471],[-46.78167,-23.51557],[-46.78186,-23.51557],[-46.78225,-23.51595],[-46.78244,-23.51643],[-46.78272,-23.51662],[-46.78272,-23.51681],[-46.78292,-23.51701],[-46.78292,-23.51739],[-46.78301,-23.51739],[-46.78301,-23.51815],[-46.78311,-23.51815],[-46.78311,-23.51844],[-46.7833,-23.51854],[-46.7833,-23.51882],[-46.78368,-23.51882],[-46.78368,-23.51873],[-46.78406,-23.51873],[-46.78406,-23.51863],[-46.78464,-23.51854],[-46.78464,-23.51844],[-46.78492,-23.51844],[-46.78492,-23.51834],[-46.78531,-23.51834],[-46.78531,-23.51854],[-46.7855,-23.51873],[-46.7855,-23.51901],[-46.78559,-23.51901],[-46.78559,-23.5193],[-46.7854,-23.5193],[-46.7854,-23.5194],[-46.78512,-23.5194],[-46.78512,-23.51949],[-46.78483,-23.51949],[-46.78483,-23.51959],[-46.78454,-23.51959],[-46.78454,-23.51968],[-46.78378,-23.51988],[-46.78387,-23.52064],[-46.78359,-23.52074],[-46.78349,-23.52102],[-46.7833,-23.52102],[-46.7833,-23.52112],[-46.78292,-23.52122],[-46.78292,-23.52131],[-46.78263,-23.52131],[-46.78263,-23.52141],[-46.78215,-23.52141],[-46.78215,-23.5215],[-46.78177,-23.5216],[-46.78167,-23.52179],[-46.78129,-23.52179],[-46.78129,-23.52189],[-46.78081,-23.52179],[-46.78062,-23.52198],[-46.77976,-23.52208],[-46.77976,-23.52217],[-46.77899,-23.52217],[-46.7788,-23.52198],[-46.77851,-23.52198],[-46.77851,-23.52189],[-46.77737,-23.52179],[-46.77737,-23.52169],[-46.77698,-23.5216],[-46.77689,-23.52141],[-46.77631,-23.52122],[-46.77612,-23.52093],[-46.77583,-23.52083],[-46.77603,-23.51997],[-46.77622,-23.51978],[-46.7766,-23.51988],[-46.7766,-23.51978],[-46.77631,-23.51968],[-46.77631,-23.51949],[-46.7766,-23.51949],[-46.77679,-23.5193],[-46.77717,-23.51921],[-46.77708,-23.51892],[-46.77641,-23.51844],[-46.77641,-23.51815],[-46.7766,-23.51806],[-46.7766,-23.51767],[-46.77689,-23.51739],[-46.77708,-23.51739],[-46.77708,-23.51691],[-46.77689,-23.51672],[-46.77689,-23.51557],[-46.77679,-23.51557],[-46.77679,-23.51519],[-46.7767,-23.51519],[-46.7767,-23.51433],[-46.7766,-23.51433],[-46.77641,-23.51346],[-46.77631,-23.51346],[-46.77641,-23.51308],[-46.7765,-23.51308],[-46.7765,-23.5127],[-46.7766,-23.5127],[-46.7766,-23.51203],[-46.77679,-23.51193],[-46.77679,-23.51136],[-46.7767,-23.51136],[-46.7767,-23.5105],[-46.77679,-23.5104],[-46.7767,-23.5104],[-46.7767,-23.51021],[-46.77698,-23.50992],[-46.77698,-23.50973],[-46.77708,-23.50973],[-46.77717,-23.50724],[-46.77708,-23.50724],[-46.77708,-23.50638],[-46.77698,-23.50629],[-46.77708,-23.50629],[-46.77708,-23.506],[-46.77746,-23.50562],[-46.77765,-23.50562],[-46.77823,-23.50495],[-46.7787,-23.50485],[-46.7787,-23.50476],[-46.77899,-23.50476],[-46.77899,-23.50485]],[[-46.63728,-23.50677],[-46.63766,-23.50686],[-46.63776,-23.50724],[-46.63785,-23.50724],[-46.63785,-23.50753],[-46.63795,-23.50753],[-46.63795,-23.50782],[-46.63804,-23.50782],[-46.63795,-23.50801],[-46.63594,-23.50801],[-46.63594,-23.50791],[-46.63565,-23.50782],[-46.63565,-23.50724],[-46.63556,-23.50724],[-46.63565,-23.50686],[-46.63671,-23.50677],[-46.63671,-23.50667],[-46.63728,-23.50667],[-46.63728,-23.50677]],[[-46.86033,-23.50696],[-46.86061,-23.50696],[-46.86061,-23.50705],[-46.86157,-23.50705],[-46.86157,-23.50715],[-46.86195,-23.50715],[-46.86195,-23.50724],[-46.8631,-23.50734],[-46.8631,-23.50772],[-46.86291,-23.50791],[-46.86281,-23.50868],[-46.86272,-23.50868],[-46.86262,-23.50916],[-46.86243,-23.50935],[-46.86205,-23.50935],[-46.86176,-23.50906],[-46.86138,-23.50897],[-46.86119,-23.50868],[-46.86061,-23.50878],[-46.86052,-23.50887],[-46.86061,-23.50964],[-46.8609,-23.50992],[-46.8609,-23.51031],[-46.861,-23.5104],[-46.8608,-23.51059],[-46.86052,-23.51059],[-46.86052,-23.51079],[-46.86033,-23.51098],[-46.85937,-23.51098],[-46.85937,-23.51088],[-46.85908,-23.51088],[-46.85908,-23.51079],[-46.8588,-23.51069],[-46.8587,-23.51117],[-46.85822,-23.51117],[-46.85822,-23.51107],[-46.85784,-23.51107],[-46.85774,-23.51088],[-46.85717,-23.51069],[-46.85698,-23.5105],[-46.85698,-23.51021],[-46.85688,-23.51021],[-46.85688,-23.51002],[-46.85698,-23.51002],[-46.85688,-23.50954],[-46.85717,-23.50945],[-46.85717,-23.50906],[-46.85746,-23.50887],[-46.85746,-23.50868],[-46.85774,-23.50849],[-46.85774,-23.5083],[-46.85793,-23.5083],[-46.85918,-23.50705],[-46.85994,-23.50705],[-46.86004,-23.50686],[-46.86033,-23.50686],[-46.86033,-23.50696]],[[-46.61498,-23.50782],[-46.61518,-23.50791],[-46.61527,-23.50839],[-46.61556,-23.50858],[-46.61556,-23.50878],[-46.61575,-23.50897],[-46.61604,-23.50897],[-46.61604,-23.50906],[-46.61632,-23.50906],[-46.61632,-23.50916],[-46.61652,-23.50916],[-46.61661,-23.50897],[-46.61738,-23.50906],[-46.61738,-23.50916],[-46.61766,-23.50916],[-46.61766,-23.50925],[-46.61805,-23.50925],[-46.61824,-23.50945],[-46.61872,-23.50945],[-46.61872,-23.50954],[-46.6191,-23.50954],[-46.6191,-23.50945],[-46.61986,-23.50916],[-46.61986,-23.50925],[-46.62034,-23.50935],[-46.62063,-23.50964],[-46.62073,-23.51002],[-46.62082,-23.51002],[-46.62082,-23.51107],[-46.62053,-23.51136],[-46.62034,-23.51222],[-46.62025,-23.51222],[-46.62025,-23.5126],[-46.62006,-23.5127],[-46.61996,-23.51308],[-46.61958,-23.51346],[-46.61958,-23.51366],[-46.61891,-23.51433],[-46.61862,-23.51433],[-46.61833,-23.51461],[-46.61843,-23.51528],[-46.61833,-23.51528],[-46.61833,-23.51557],[-46.61824,-23.51557],[-46.61824,-23.51653],[-46.61785,-23.51662],[-46.61766,-23.51681],[-46.61709,-23.51672],[-46.6169,-23.51653],[-46.6168,-23.51614],[-46.61671,-23.51614],[-46.61671,-23.51586],[-46.61661,-23.51586],[-46.61661,-23.51567],[-46.61652,-23.51567],[-46.61632,-23.51519],[-46.61604,-23.51528],[-46.61604,-23.51557],[-46.61585,-23.51576],[-46.61537,-23.51586],[-46.61508,-23.51557],[-46.61498,-23.51528],[-46.61479,-23.51528],[-46.6147,-23.51509],[-46.61431,-23.515],[-46.61431,-23.5149],[-46.61317,-23.5148],[-46.61317,-23.51461],[-46.61288,-23.51442],[-46.61288,-23.51423],[-46.61278,-23.51423],[-46.61278,-23.51404],[-46.61259,-23.51385],[-46.61259,-23.51366],[-46.61269,-23.51366],[-46.61269,-23.51299],[-46.61259,-23.51299],[-46.61269,-23.51289],[-46.61269,-23.51232],[-46.61259,-23.51232],[-46.61259,-23.51203],[-46.61297,-23.51203],[-46.61297,-23.51184],[-46.6123,-23.51184],[-46.61221,-23.51203],[-46.61202,-23.51203],[-46.61183,-23.51222],[-46.61125,-23.51232],[-46.61097,-23.51203],[-46.61097,-23.51165],[-46.61058,-23.51155],[-46.61058,-23.51126],[-46.61039,-23.51117],[-46.61039,-23.51098],[-46.6101,-23.51069],[-46.6102,-23.50925],[-46.61049,-23.50925],[-46.61068,-23.50906],[-46.61087,-23.50906],[-46.61087,-23.50916],[-46.61163,-23.50916],[-46.61192,-23.50945],[-46.61211,-23.50945],[-46.6124,-23.50983],[-46.61288,-23.50992],[-46.61307,-23.50964],[-46.61345,-23.50954],[-46.61345,-23.50925],[-46.61336,-23.50925],[-46.61326,-23.50887],[-46.61307,-23.50878],[-46.61297,-23.50839],[-46.61403,-23.5082],[-46.61403,-23.50811],[-46.61451,-23.50811],[-46.61451,-23.50801],[-46.61498,-23.50791],[-46.61498,-23.50782]],[[-46.67814,-23.50916],[-46.67862,-23.50925],[-46.67862,-23.50935],[-46.6789,-23.50945],[-46.679,-23.50954],[-46.679,-23.5104],[-46.67909,-23.5105],[-46.67948,-23.5105],[-46.67957,-23.51136],[-46.67929,-23.51155],[-46.67929,-23.51184],[-46.67909,-23.51184],[-46.6789,-23.51203],[-46.67852,-23.51203],[-46.67852,-23.51212],[-46.67804,-23.51212],[-46.67795,-23.51184],[-46.67785,-23.51184],[-46.67795,-23.51126],[-46.67766,-23.51126],[-46.67718,-23.51174],[-46.67709,-23.51212],[-46.67689,-23.51222],[-46.67689,-23.51241],[-46.67651,-23.51251],[-46.67651,-23.5126],[-46.67575,-23.5127],[-46.67584,-23.51232],[-46.67613,-23.51232],[-46.67613,-23.51222],[-46.67594,-23.51222],[-46.67603,-23.51193],[-46.6767,-23.51136],[-46.6767,-23.51107],[-46.67775,-23.51002],[-46.67795,-23.50906],[-46.67814,-23.50906],[-46.67814,-23.50916]],[[-46.6678,-23.50964],[-46.66857,-23.50983],[-46.66886,-23.51012],[-46.66972,-23.51012],[-46.66972,-23.51021],[-46.66991,-23.51021],[-46.6701,-23.51002],[-46.67029,-23.51031],[-46.67048,-23.51031],[-46.67058,-23.51098],[-46.6701,-23.51117],[-46.6701,-23.51136],[-46.66991,-23.51155],[-46.67,-23.51232],[-46.66991,-23.51232],[-46.66991,-23.51251],[-46.66962,-23.51279],[-46.66924,-23.51279],[-46.66905,-23.5126],[-46.66886,-23.51212],[-46.66876,-23.51212],[-46.66876,-23.51193],[-46.66828,-23.51145],[-46.66819,-23.51145],[-46.66819,-23.51193],[-46.66809,-23.51193],[-46.66799,-23.51232],[-46.66771,-23.51241],[-46.66742,-23.51289],[-46.66704,-23.5127],[-46.66704,-23.51193],[-46.66723,-23.51174],[-46.66723,-23.51155],[-46.6678,-23.51145],[-46.66771,-23.51079],[-46.66761,-23.51079],[-46.66761,-23.5105],[-46.66752,-23.5105],[-46.66752,-23.51021],[-46.66742,-23.51021],[-46.66742,-23.50992],[-46.66732,-23.50992],[-46.66732,-23.50973],[-46.66752,-23.50973],[-46.66761,-23.50954],[-46.6678,-23.50954],[-46.6678,-23.50964]],[[-46.60982,-23.50983],[-46.60963,-23.50992],[-46.60963,-23.51012],[-46.60934,-23.5104],[-46.60915,-23.5104],[-46.60905,-23.51059],[-46.60886,-23.51059],[-46.60857,-23.51088],[-46.60838,-23.51088],[-46.60838,-23.51059],[-46.60829,-23.51059],[-46.60829,-23.51012],[-46.60838,-23.51002],[-46.60915,-23.50983],[-46.60915,-23.50973],[-46.60953,-23.50964],[-46.60953,-23.50954],[-46.60982,-23.50954],[-46.60982,-23.50983]],[[-46.62178,-23.50973],[-46.62216,-23.50983],[-46.62216,-23.51069],[-46.62226,-23.51069],[-46.62226,-23.51088],[-46.62264,-23.51088],[-46.62264,-23.51098],[-46.62245,-23.51098],[-46.62245,-23.51107],[-46.62235,-23.51098],[-46.62206,-23.51098],[-46.62206,-23.51107],[-46.62149,-23.51107],[-46.6214,-23.51098],[-46.6214,-23.50973],[-46.62149,-23.50964],[-46.62178,-23.50964],[-46.62178,-23.50973]],[[-46.64675,-23.50992],[-46.64742,-23.51002],[-46.64771,-23.51031],[-46.64771,-23.51117],[-46.6478,-23.51117],[-46.64771,-23.5148],[-46.6478,-23.5148],[-46.6478,-23.515],[-46.64771,-23.51509],[-46.64713,-23.51509],[-46.64713,-23.51519],[-46.6458,-23.51519],[-46.6457,-23.51509],[-46.6457,-23.51413],[-46.6456,-23.51404],[-46.64484,-23.51404],[-46.64484,-23.51394],[-46.64407,-23.51366],[-46.64407,-23.51356],[-46.64388,-23.51356],[-46.64369,-23.51337],[-46.64369,-23.51308],[-46.64379,-23.51308],[-46.64388,-23.5127],[-46.64369,-23.5126],[-46.64379,-23.51212],[-46.64369,-23.51212],[-46.64359,-23.51165],[-46.6435,-23.51165],[-46.6435,-23.51136],[-46.64369,-23.51136],[-46.64417,-23.51079],[-46.64465,-23.51059],[-46.64503,-23.51012],[-46.64522,-23.51012],[-46.64551,-23.50983],[-46.64675,-23.50983],[-46.64675,-23.50992]],[[-46.72081,-23.51088],[-46.72177,-23.51184],[-46.72177,-23.51203],[-46.72196,-23.51212],[-46.72196,-23.51232],[-46.72225,-23.5126],[-46.72225,-23.51279],[-46.72187,-23.5126],[-46.72196,-23.51327],[-46.72177,-23.51346],[-46.72177,-23.51375],[-46.72158,-23.51394],[-46.72101,-23.51404],[-46.72101,-23.51433],[-46.72081,-23.51452],[-46.72005,-23.51471],[-46.71957,-23.51519],[-46.71919,-23.51528],[-46.719,-23.51557],[-46.71747,-23.51557],[-46.71747,-23.51547],[-46.71727,-23.51547],[-46.71708,-23.51528],[-46.71708,-23.51509],[-46.71699,-23.51509],[-46.71699,-23.5149],[-46.7168,-23.5148],[-46.7167,-23.51442],[-46.7166,-23.51442],[-46.7167,-23.51394],[-46.71708,-23.51356],[-46.71708,-23.51337],[-46.71756,-23.51318],[-46.71756,-23.51308],[-46.71775,-23.51308],[-46.71775,-23.51299],[-46.71861,-23.51279],[-46.71861,-23.5127],[-46.72014,-23.5127],[-46.72014,-23.5126],[-46.72043,-23.5126],[-46.72062,-23.51232],[-46.72034,-23.51222],[-46.72034,-23.51203],[-46.72024,-23.51203],[-46.72034,-23.51126],[-46.72072,-23.51117],[-46.72081,-23.51088]],[[-46.82081,-23.51165],[-46.8209,-23.51165],[-46.8209,-23.51203],[-46.82081,-23.51203],[-46.82081,-23.51222],[-46.8209,-23.51222],[-46.82081,-23.51327],[-46.82014,-23.51327],[-46.82014,-23.51318],[-46.81947,-23.51308],[-46.81937,-23.51279],[-46.81975,-23.51251],[-46.81975,-23.51232],[-46.82052,-23.51155],[-46.82081,-23.51145],[-46.82081,-23.51165]],[[-46.68493,-23.51222],[-46.68551,-23.51279],[-46.6856,-23.51318],[-46.68579,-23.51318],[-46.68598,-23.51366],[-46.68579,-23.51385],[-46.68579,-23.51433],[-46.68522,-23.5149],[-46.68484,-23.5149],[-46.68484,-23.51528],[-46.68464,-23.51547],[-46.68464,-23.51567],[-46.68455,-23.51567],[-46.68445,-23.51624],[-46.68369,-23.51643],[-46.6835,-23.51662],[-46.68263,-23.51672],[-46.68254,-23.51624],[-46.68244,-23.51624],[-46.68225,-23.51567],[-46.68216,-23.51576],[-46.68168,-23.51576],[-46.68168,-23.51567],[-46.6813,-23.51557],[-46.6813,-23.51547],[-46.68101,-23.51547],[-46.68091,-23.5148],[-46.6811,-23.51471],[-46.6811,-23.51413],[-46.6812,-23.51413],[-46.6811,-23.51318],[-46.68149,-23.51299],[-46.68149,-23.51279],[-46.68177,-23.51251],[-46.68197,-23.51251],[-46.68225,-23.51212],[-46.68426,-23.51222],[-46.68436,-23.51232],[-46.68445,-23.51212],[-46.68484,-23.51222],[-46.68484,-23.51203],[-46.68493,-23.51203],[-46.68493,-23.51222]],[[-46.83411,-23.51212],[-46.83439,-23.51232],[-46.83439,-23.5126],[-46.83459,-23.5127],[-46.83487,-23.51385],[-46.83506,-23.51404],[-46.83506,-23.51433],[-46.83526,-23.51442],[-46.83526,-23.5149],[-46.83545,-23.515],[-46.83545,-23.51557],[-46.83535,-23.51557],[-46.83535,-23.51586],[-46.83526,-23.51586],[-46.83526,-23.51614],[-46.83535,-23.51614],[-46.83526,-23.51653],[-46.83506,-23.51653],[-46.83506,-23.51662],[-46.83468,-23.51672],[-46.83468,-23.51681],[-46.83411,-23.51701],[-46.83392,-23.5172],[-46.83267,-23.51739],[-46.83267,-23.51748],[-46.83191,-23.51777],[-46.83191,-23.51787],[-46.83133,-23.51777],[-46.83124,-23.51796],[-46.83085,-23.51796],[-46.83066,-23.51777],[-46.83066,-23.5172],[-46.83047,-23.5171],[-46.83047,-23.51672],[-46.83038,-23.51672],[-46.83076,-23.51576],[-46.832,-23.51452],[-46.83239,-23.51442],[-46.83248,-23.51423],[-46.83267,-23.51423],[-46.83286,-23.51404],[-46.83296,-23.51366],[-46.83315,-23.51366],[-46.83315,-23.51356],[-46.83363,-23.51337],[-46.83373,-23.51299],[-46.83334,-23.5126],[-46.83363,-23.51232],[-46.83392,-23.51232],[-46.83411,-23.51212]],[[-46.73794,-23.51222],[-46.73813,-23.51241],[-46.73813,-23.51567],[-46.73842,-23.51595],[-46.73852,-23.51634],[-46.73813,-23.51624],[-46.73813,-23.51605],[-46.73794,-23.51595],[-46.73785,-23.51567],[-46.73746,-23.51567],[-46.73737,-23.51557],[-46.73737,-23.51538],[-46.73756,-23.51538],[-46.73756,-23.5148],[-46.73746,-23.5148],[-46.73746,-23.51232],[-46.73756,-23.51222],[-46.73794,-23.51222]],[[-46.66646,-23.5127],[-46.66685,-23.51318],[-46.66713,-23.51327],[-46.66713,-23.51366],[-46.66694,-23.51375],[-46.66685,-23.51413],[-46.66637,-23.51413],[-46.66627,-23.51385],[-46.66589,-23.51356],[-46.66608,-23.51289],[-46.66627,-23.5127],[-46.66646,-23.5127]],[[-46.64934,-23.51299],[-46.64962,-23.51299],[-46.64962,-23.51318],[-46.648,-23.5148],[-46.648,-23.51299],[-46.64857,-23.51308],[-46.64857,-23.51299],[-46.64905,-23.51299],[-46.64905,-23.51289],[-46.64934,-23.51289],[-46.64934,-23.51299]],[[-46.86463,-23.51337],[-46.86444,-23.51337],[-46.86425,-23.51366],[-46.86406,-23.51366],[-46.86396,-23.51385],[-46.86358,-23.51394],[-46.86348,-23.51413],[-46.8631,-23.51423],[-46.86301,-23.51442],[-46.86262,-23.51452],[-46.86262,-23.51461],[-46.86195,-23.51471],[-46.86195,-23.5148],[-46.86147,-23.5148],[-46.86138,-23.51471],[-46.86138,-23.51442],[-46.86167,-23.51442],[-46.86167,-23.51433],[-46.86195,-23.51433],[-46.86195,-23.51423],[-46.86234,-23.51423],[-46.86234,-23.51413],[-46.86272,-23.51413],[-46.86301,-23.51385],[-46.86396,-23.51346],[-46.86425,-23.51308],[-46.86463,-23.51308],[-46.86463,-23.51337]],[[-46.62704,-23.51337],[-46.62752,-23.51356],[-46.62828,-23.51433],[-46.62828,-23.51471],[-46.62819,-23.5148],[-46.62714,-23.5148],[-46.62704,-23.51471],[-46.62704,-23.51423],[-46.62694,-23.51423],[-46.62694,-23.51385],[-46.62685,-23.51385],[-46.62685,-23.51327],[-46.62704,-23.51327],[-46.62704,-23.51337]],[[-46.85966,-23.51461],[-46.8609,-23.51461],[-46.8608,-23.51538],[-46.86052,-23.51547],[-46.86052,-23.51557],[-46.86013,-23.51557],[-46.86013,-23.51567],[-46.85937,-23.51567],[-46.85918,-23.51547],[-46.85918,-23.51528],[-46.8588,-23.51509],[-46.8587,-23.51471],[-46.85889,-23.51471],[-46.85908,-23.51452],[-46.85966,-23.51452],[-46.85966,-23.51461]],[[-46.8144,-23.5149],[-46.81468,-23.5149],[-46.81468,-23.515],[-46.81497,-23.51509],[-46.81497,-23.51586],[-46.81487,-23.51586],[-46.81487,-23.51643],[-46.81478,-23.51653],[-46.8144,-23.51662],[-46.8144,-23.51672],[-46.81401,-23.51672],[-46.81382,-23.51653],[-46.81392,-23.51691],[-46.8143,-23.51701],[-46.8143,-23.5171],[-46.81459,-23.5171],[-46.81459,-23.51701],[-46.81478,-23.51701],[-46.81497,-23.51681],[-46.81507,-23.51624],[-46.81526,-23.51605],[-46.81535,-23.51567],[-46.81593,-23.51509],[-46.81593,-23.5149],[-46.8165,-23.5149],[-46.8165,-23.515],[-46.81669,-23.515],[-46.81688,-23.51519],[-46.81679,-23.51547],[-46.8166,-23.51547],[-46.81641,-23.51567],[-46.81641,-23.51605],[-46.81612,-23.51614],[-46.81612,-23.51748],[-46.81583,-23.51729],[-46.81583,-23.51748],[-46.81535,-23.51777],[-46.81526,-23.51767],[-46.81526,-23.5172],[-46.81507,-23.5172],[-46.81507,-23.51748],[-46.81478,-23.51758],[-46.81478,-23.51739],[-46.81459,-23.51739],[-46.81459,-23.51758],[-46.81478,-23.51777],[-46.8144,-23.51787],[-46.81306,-23.51624],[-46.81267,-23.51624],[-46.81267,-23.51653],[-46.81229,-23.51653],[-46.8121,-23.51634],[-46.81191,-23.51576],[-46.81143,-23.51528],[-46.81153,-23.5149],[-46.81181,-23.515],[-46.81181,-23.51509],[-46.812,-23.51509],[-46.8121,-23.5149],[-46.81239,-23.5149],[-46.81239,-23.51509],[-46.81267,-23.51538],[-46.81296,-23.51547],[-46.81306,-23.51509],[-46.81334,-23.5148],[-46.8144,-23.5148],[-46.8144,-23.5149]],[[-46.80932,-23.5148],[-46.80942,-23.515],[-46.80932,-23.515],[-46.80923,-23.51557],[-46.80875,-23.51595],[-46.80875,-23.51614],[-46.80837,-23.51624],[-46.80818,-23.51701],[-46.8076,-23.51701],[-46.8076,-23.51691],[-46.80712,-23.51701],[-46.80693,-23.5172],[-46.80684,-23.51758],[-46.80665,-23.51767],[-46.80665,-23.51787],[-46.80626,-23.51796],[-46.80617,-23.51815],[-46.80598,-23.51815],[-46.80578,-23.51834],[-46.80569,-23.51911],[-46.8054,-23.51911],[-46.8055,-23.51806],[-46.80521,-23.51815],[-46.80511,-23.51739],[-46.80559,-23.51691],[-46.80588,-23.51681],[-46.80598,-23.51624],[-46.80712,-23.51519],[-46.80741,-23.51519],[-46.80741,-23.51509],[-46.80894,-23.51509],[-46.80913,-23.5148],[-46.80932,-23.5148]],[[-46.62848,-23.5149],[-46.62867,-23.51519],[-46.62886,-23.51519],[-46.62886,-23.51528],[-46.62962,-23.51509],[-46.62982,-23.51538],[-46.6301,-23.51547],[-46.6301,-23.51567],[-46.6302,-23.51567],[-46.6302,-23.51634],[-46.63039,-23.51634],[-46.63039,-23.51691],[-46.63058,-23.5171],[-46.63058,-23.51758],[-46.63039,-23.51767],[-46.63039,-23.51787],[-46.62972,-23.51796],[-46.62972,-23.51806],[-46.62886,-23.51806],[-46.62886,-23.51815],[-46.62857,-23.51815],[-46.62828,-23.51787],[-46.62838,-23.51729],[-46.62876,-23.51701],[-46.62857,-23.51624],[-46.62838,-23.51605],[-46.62838,-23.51586],[-46.62828,-23.51586],[-46.62828,-23.5149],[-46.62848,-23.5149]],[[-46.68072,-23.51605],[-46.68091,-23.51624],[-46.68091,-23.51662],[-46.6811,-23.51672],[-46.6811,-23.51701],[-46.68082,-23.5171],[-46.68082,-23.5172],[-46.68015,-23.5172],[-46.67996,-23.51701],[-46.68005,-23.51624],[-46.68015,-23.51624],[-46.68015,-23.51605],[-46.68053,-23.51595],[-46.68053,-23.51586],[-46.68072,-23.51586],[-46.68072,-23.51605]],[[-46.66752,-23.51614],[-46.66761,-23.51624],[-46.66761,-23.51691],[-46.66723,-23.51729],[-46.66685,-23.51729],[-46.66685,-23.5172],[-46.66646,-23.5171],[-46.66627,-23.51691],[-46.66627,-23.51672],[-46.66646,-23.51662],[-46.66666,-23.51614],[-46.66752,-23.51614]],[[-46.66015,-23.51701],[-46.65986,-23.51729],[-46.65986,-23.51748],[-46.65957,-23.51767],[-46.65948,-23.51806],[-46.65919,-23.51825],[-46.65919,-23.51844],[-46.6589,-23.51854],[-46.6589,-23.51873],[-46.65862,-23.51901],[-46.65756,-23.51892],[-46.65756,-23.51882],[-46.65718,-23.51892],[-46.65709,-23.51882],[-46.65718,-23.51854],[-46.65747,-23.51834],[-46.65756,-23.51767],[-46.65709,-23.51787],[-46.65709,-23.51796],[-46.6569,-23.51796],[-46.6569,-23.51806],[-46.6567,-23.51806],[-46.65651,-23.51882],[-46.65623,-23.51873],[-46.65594,-23.51844],[-46.65594,-23.51815],[-46.65613,-23.51806],[-46.65613,-23.51787],[-46.65642,-23.51758],[-46.65661,-23.51758],[-46.6568,-23.51739],[-46.65709,-23.51739],[-46.65709,-23.51729],[-46.65795,-23.51729],[-46.65795,-23.5172],[-46.6591,-23.51729],[-46.65919,-23.5171],[-46.65967,-23.5171],[-46.65967,-23.51701],[-46.66015,-23.51701]],[[-46.78818,-23.5171],[-46.78827,-23.5172],[-46.78827,-23.51767],[-46.78818,-23.51767],[-46.78818,-23.51815],[-46.78808,-23.51825],[-46.78789,-23.51825],[-46.7877,-23.51844],[-46.78741,-23.51844],[-46.78741,-23.51854],[-46.78684,-23.51873],[-46.78665,-23.51892],[-46.78636,-23.51892],[-46.78636,-23.51901],[-46.78607,-23.51901],[-46.78607,-23.51911],[-46.78588,-23.51901],[-46.78588,-23.51873],[-46.78569,-23.51854],[-46.78569,-23.51834],[-46.78559,-23.51834],[-46.78559,-23.51806],[-46.78579,-23.51806],[-46.78598,-23.51787],[-46.78626,-23.51787],[-46.78626,-23.51777],[-46.78646,-23.51777],[-46.78646,-23.51767],[-46.78684,-23.51758],[-46.78684,-23.51748],[-46.78713,-23.51748],[-46.78741,-23.5172],[-46.78818,-23.5171]],[[-46.62541,-23.5171],[-46.62551,-23.5172],[-46.62551,-23.51825],[-46.62541,-23.51834],[-46.62494,-23.51834],[-46.62484,-23.51796],[-46.62455,-23.51787],[-46.62455,-23.51758],[-46.62474,-23.51748],[-46.62474,-23.51729],[-46.62494,-23.5171],[-46.62541,-23.5171]],[[-46.66082,-23.51767],[-46.66072,-23.51767],[-46.66072,-23.51834],[-46.66053,-23.51844],[-46.66053,-23.51882],[-46.66072,-23.51882],[-46.66072,-23.51949],[-46.66053,-23.51968],[-46.66034,-23.51968],[-46.66024,-23.51988],[-46.65986,-23.51997],[-46.65986,-23.52007],[-46.6591,-23.51997],[-46.659,-23.51988],[-46.659,-23.5194],[-46.65929,-23.51911],[-46.65938,-23.51854],[-46.65957,-23.51854],[-46.65977,-23.51825],[-46.66044,-23.51825],[-46.66034,-23.51815],[-46.66034,-23.51767],[-46.66053,-23.51748],[-46.66082,-23.51748],[-46.66082,-23.51767]],[[-46.83133,-23.51882],[-46.83143,-23.51882],[-46.83133,-23.51901],[-46.83095,-23.51901],[-46.83085,-23.51911],[-46.83085,-23.5193],[-46.83133,-23.5194],[-46.83133,-23.51959],[-46.83114,-23.51959],[-46.83114,-23.51968],[-46.83047,-23.51968],[-46.83047,-23.51959],[-46.83028,-23.51959],[-46.83009,-23.5194],[-46.83009,-23.51892],[-46.83028,-23.51873],[-46.83095,-23.51873],[-46.83095,-23.51863],[-46.83114,-23.51873],[-46.83114,-23.51863],[-46.83133,-23.51863],[-46.83133,-23.51882]],[[-46.82923,-23.51901],[-46.82932,-23.51911],[-46.82932,-23.51978],[-46.82942,-23.51978],[-46.82942,-23.51997],[-46.82846,-23.51988],[-46.82827,-23.51959],[-46.8277,-23.51978],[-46.82779,-23.5194],[-46.82818,-23.5194],[-46.82818,-23.5193],[-46.82875,-23.51921],[-46.82875,-23.51911],[-46.82904,-23.51911],[-46.82904,-23.51901],[-46.82923,-23.51901]],[[-46.74474,-23.51949],[-46.74512,-23.51949],[-46.74521,-23.51959],[-46.74531,-23.52026],[-46.74608,-23.52055],[-46.74608,-23.52179],[-46.74512,-23.52179],[-46.74512,-23.52169],[-46.74435,-23.52169],[-46.74435,-23.5216],[-46.74368,-23.5215],[-46.74387,-23.52074],[-46.74368,-23.52055],[-46.74349,-23.52055],[-46.74359,-23.51988],[-46.74397,-23.51978],[-46.74397,-23.51968],[-46.74426,-23.51968],[-46.74454,-23.5194],[-46.74474,-23.5194],[-46.74474,-23.51949]],[[-46.679,-23.52122],[-46.67909,-23.52122],[-46.67909,-23.52169],[-46.67919,-23.52169],[-46.67909,-23.52227],[-46.67919,-23.52227],[-46.67929,-23.52275],[-46.67948,-23.52294],[-46.67957,-23.52351],[-46.67948,-23.52351],[-46.67948,-23.5237],[-46.67929,-23.52389],[-46.67881,-23.52399],[-46.67852,-23.52428],[-46.67766,-23.52437],[-46.67766,-23.52447],[-46.67192,-23.52476],[-46.67192,-23.52485],[-46.67154,-23.52485],[-46.67154,-23.52495],[-46.67115,-23.52495],[-46.67115,-23.52485],[-46.67077,-23.52485],[-46.67077,-23.52495],[-46.66943,-23.52495],[-46.66943,-23.52485],[-46.66905,-23.52485],[-46.66905,-23.52495],[-46.66857,-23.52504],[-46.66857,-23.52533],[-46.66876,-23.52533],[-46.66876,-23.52543],[-46.66857,-23.52543],[-46.66857,-23.52552],[-46.66771,-23.52552],[-46.66771,-23.52562],[-46.66656,-23.52562],[-46.66637,-23.52514],[-46.66608,-23.52504],[-46.66618,-23.52476],[-46.66742,-23.52466],[-46.66742,-23.52456],[-46.6678,-23.52456],[-46.6678,-23.52447],[-46.66809,-23.52447],[-46.66809,-23.52437],[-46.66838,-23.52428],[-46.66838,-23.52418],[-46.66685,-23.52428],[-46.66685,-23.52409],[-46.66704,-23.52409],[-46.66713,-23.5237],[-46.66819,-23.5237],[-46.66819,-23.5238],[-46.66838,-23.5238],[-46.66838,-23.5237],[-46.66886,-23.5237],[-46.66886,-23.52361],[-46.66933,-23.52361],[-46.66943,-23.52418],[-46.66953,-23.52428],[-46.66991,-23.52418],[-46.66972,-23.52361],[-46.66943,-23.52332],[-46.66943,-23.52303],[-46.66972,-23.52313],[-46.67077,-23.52428],[-46.67154,-23.52428],[-46.67154,-23.52418],[-46.67192,-23.52409],[-46.67192,-23.52399],[-46.6723,-23.52389],[-46.6723,-23.5238],[-46.67268,-23.5237],[-46.67326,-23.52313],[-46.67335,-23.52275],[-46.67354,-23.52275],[-46.67354,-23.52265],[-46.67393,-23.52265],[-46.67393,-23.52256],[-46.67469,-23.52265],[-46.67469,-23.52256],[-46.67517,-23.52246],[-46.67527,-23.52217],[-46.67546,-23.52217],[-46.67555,-23.52179],[-46.67527,-23.52169],[-46.67527,-23.5216],[-46.67488,-23.5216],[-46.67479,-23.52141],[-46.6746,-23.52141],[-46.6746,-23.52131],[-46.67441,-23.52131],[-46.67421,-23.52112],[-46.67402,-23.52064],[-46.67412,-23.52064],[-46.67412,-23.52045],[-46.67431,-23.52026],[-46.6746,-23.52026],[-46.67498,-23.52064],[-46.67555,-23.52074],[-46.67555,-23.52083],[-46.67613,-23.52102],[-46.67651,-23.52064],[-46.6767,-23.52016],[-46.67709,-23.52016],[-46.67718,-23.52035],[-46.67737,-23.52035],[-46.67737,-23.52007],[-46.67756,-23.51988],[-46.67775,-23.51988],[-46.67785,-23.51968],[-46.679,-23.5194],[-46.679,-23.52122]],[[-46.6191,-23.51997],[-46.61939,-23.52007],[-46.61939,-23.52055],[-46.61929,-23.52055],[-46.61929,-23.52083],[-46.61919,-23.52083],[-46.6191,-23.52112],[-46.61862,-23.52112],[-46.61862,-23.52102],[-46.61814,-23.52093],[-46.61805,-23.51997],[-46.6191,-23.51988],[-46.6191,-23.51997]],[[-46.76942,-23.52007],[-46.77143,-23.52016],[-46.77153,-23.52055],[-46.77134,-23.52064],[-46.77143,-23.52083],[-46.77028,-23.52074],[-46.77028,-23.52064],[-46.76952,-23.52064],[-46.76952,-23.52055],[-46.76818,-23.52055],[-46.76818,-23.52064],[-46.76732,-23.52064],[-46.76732,-23.52074],[-46.76684,-23.52074],[-46.76684,-23.52083],[-46.76646,-23.52083],[-46.76646,-23.52093],[-46.76607,-23.52093],[-46.76617,-23.52064],[-46.76646,-23.52064],[-46.76665,-23.52045],[-46.76694,-23.52045],[-46.76694,-23.52035],[-46.76722,-23.52035],[-46.76722,-23.52026],[-46.76875,-23.52007],[-46.76875,-23.51997],[-46.76942,-23.51997],[-46.76942,-23.52007]],[[-46.63058,-23.51997],[-46.63068,-23.52007],[-46.63058,-23.52045],[-46.63029,-23.52074],[-46.62953,-23.52083],[-46.62934,-23.52112],[-46.62915,-23.52112],[-46.62915,-23.52055],[-46.62972,-23.51997],[-46.63058,-23.51997]],[[-46.77545,-23.52074],[-46.77536,-23.52074],[-46.77536,-23.52102],[-46.7743,-23.52102],[-46.7743,-23.52112],[-46.77373,-23.52112],[-46.77373,-23.52122],[-46.77258,-23.52122],[-46.77239,-23.52074],[-46.77201,-23.52083],[-46.77182,-23.52064],[-46.77172,-23.52016],[-46.77182,-23.52007],[-46.77545,-23.52007],[-46.77545,-23.52074]],[[-46.62551,-23.52026],[-46.6257,-23.52026],[-46.6258,-23.52055],[-46.62608,-23.52064],[-46.62608,-23.52102],[-46.62589,-23.52112],[-46.62589,-23.52131],[-46.62561,-23.5216],[-46.62522,-23.5216],[-46.62522,-23.52169],[-46.62513,-23.5216],[-46.62465,-23.5216],[-46.62455,-23.5215],[-46.62455,-23.52102],[-46.62446,-23.52102],[-46.62436,-23.52064],[-46.62455,-23.52045],[-46.62503,-23.52035],[-46.62503,-23.52026],[-46.62541,-23.52026],[-46.62551,-23.52016],[-46.62551,-23.52026]],[[-46.62321,-23.52045],[-46.62331,-23.52055],[-46.62331,-23.52131],[-46.6234,-23.52131],[-46.6234,-23.5215],[-46.62388,-23.52169],[-46.62388,-23.52179],[-46.6235,-23.52189],[-46.6235,-23.52198],[-46.62302,-23.52198],[-46.62293,-23.5215],[-46.62283,-23.5215],[-46.62283,-23.52112],[-46.62273,-23.52112],[-46.62273,-23.52083],[-46.62264,-23.52083],[-46.62283,-23.52045],[-46.62321,-23.52045]],[[-46.8231,-23.52083],[-46.82377,-23.52093],[-46.82397,-23.52112],[-46.82463,-23.52122],[-46.82463,-23.52131],[-46.82502,-23.52141],[-46.82511,-23.52189],[-46.82502,-23.52198],[-46.82406,-23.52198],[-46.82406,-23.52208],[-46.82263,-23.52217],[-46.82263,-23.52227],[-46.82234,-23.52227],[-46.82234,-23.52236],[-46.82176,-23.52256],[-46.82176,-23.52265],[-46.82157,-23.52265],[-46.82138,-23.52284],[-46.82119,-23.52284],[-46.82119,-23.52294],[-46.82062,-23.52294],[-46.82062,-23.52303],[-46.81784,-23.52303],[-46.81784,-23.52198],[-46.81803,-23.52189],[-46.81803,-23.5215],[-46.81813,-23.5215],[-46.81822,-23.52122],[-46.8188,-23.52122],[-46.8188,-23.52131],[-46.81908,-23.52131],[-46.81908,-23.52141],[-46.81947,-23.52141],[-46.81966,-23.52179],[-46.82014,-23.52179],[-46.82014,-23.52169],[-46.82071,-23.52169],[-46.82071,-23.5216],[-46.82138,-23.5216],[-46.82196,-23.52102],[-46.82234,-23.52093],[-46.82234,-23.52083],[-46.82263,-23.52083],[-46.82263,-23.52074],[-46.8231,-23.52074],[-46.8231,-23.52083]],[[-46.61087,-23.52083],[-46.61163,-23.52102],[-46.61173,-23.52131],[-46.61144,-23.52141],[-46.61116,-23.52169],[-46.61116,-23.52189],[-46.61097,-23.52189],[-46.61097,-23.52198],[-46.61077,-23.52198],[-46.61049,-23.5216],[-46.6102,-23.5216],[-46.6102,-23.52179],[-46.60991,-23.52189],[-46.60991,-23.5216],[-46.6101,-23.52141],[-46.61049,-23.52131],[-46.61049,-23.52083],[-46.61058,-23.52074],[-46.61087,-23.52074],[-46.61087,-23.52083]],[[-46.8166,-23.52112],[-46.81698,-23.5215],[-46.81698,-23.52179],[-46.81708,-23.52179],[-46.81717,-23.52294],[-46.81688,-23.52294],[-46.81679,-23.52322],[-46.81621,-23.52322],[-46.81612,-23.52303],[-46.81564,-23.52303],[-46.81554,-23.52294],[-46.81554,-23.52256],[-46.81593,-23.52227],[-46.81583,-23.52131],[-46.81621,-23.52122],[-46.81621,-23.52112],[-46.8166,-23.52112]],[[-46.5968,-23.52169],[-46.59671,-23.52169],[-46.59661,-23.52313],[-46.59652,-23.52313],[-46.59652,-23.52447],[-46.59613,-23.52476],[-46.59623,-23.52485],[-46.59623,-23.52523],[-46.59642,-23.52543],[-46.59642,-23.52581],[-46.59652,-23.52581],[-46.59642,-23.52657],[-46.59604,-23.52696],[-46.59585,-23.52696],[-46.59566,-23.52715],[-46.59546,-23.52791],[-46.59508,-23.5283],[-46.59489,-23.5283],[-46.59489,-23.52839],[-46.59422,-23.52849],[-46.59403,-23.5283],[-46.59374,-23.5283],[-46.59374,-23.52839],[-46.59269,-23.5283],[-46.59259,-23.5282],[-46.59259,-23.52782],[-46.59288,-23.52763],[-46.59288,-23.52734],[-46.59298,-23.52734],[-46.59298,-23.52696],[-46.59259,-23.52667],[-46.59269,-23.52619],[-46.59298,-23.5259],[-46.59336,-23.52581],[-46.59336,-23.52571],[-46.59451,-23.52552],[-46.5947,-23.52523],[-46.59489,-23.52523],[-46.59508,-23.52495],[-46.59527,-23.52495],[-46.59556,-23.52466],[-46.59566,-23.52428],[-46.59585,-23.52418],[-46.59604,-23.52361],[-46.59613,-23.52361],[-46.59623,-23.52265],[-46.59632,-23.52265],[-46.59632,-23.52141],[-46.59642,-23.52141],[-46.59652,-23.52112],[-46.5968,-23.52112],[-46.5968,-23.52169]],[[-46.78971,-23.52284],[-46.79,-23.52313],[-46.79,-23.52332],[-46.79019,-23.52351],[-46.79038,-23.52351],[-46.79047,-23.5238],[-46.79076,-23.52389],[-46.79086,-23.52409],[-46.79095,-23.52409],[-46.79105,-23.5237],[-46.79114,-23.5237],[-46.79134,-23.52447],[-46.79143,-23.52447],[-46.79153,-23.52543],[-46.79105,-23.52543],[-46.79086,-23.52485],[-46.79067,-23.52485],[-46.79038,-23.52456],[-46.79038,-23.52437],[-46.79019,-23.52428],[-46.79019,-23.52409],[-46.79038,-23.52418],[-46.79038,-23.52399],[-46.7899,-23.52351],[-46.78971,-23.52351],[-46.78971,-23.52332],[-46.78942,-23.52303],[-46.78942,-23.52265],[-46.78971,-23.52265],[-46.78971,-23.52284]],[[-46.74694,-23.52399],[-46.74703,-23.52399],[-46.74703,-23.52523],[-46.74627,-23.52523],[-46.74627,-23.52514],[-46.7456,-23.52514],[-46.7455,-23.52504],[-46.7455,-23.52476],[-46.74569,-23.52456],[-46.74588,-23.52456],[-46.74608,-23.52428],[-46.74655,-23.52409],[-46.74675,-23.5238],[-46.74694,-23.5238],[-46.74694,-23.52399]],[[-46.66886,-23.5259],[-46.66866,-23.5259],[-46.66838,-23.52619],[-46.66685,-23.52619],[-46.66685,-23.5259],[-46.66627,-23.5259],[-46.66627,-23.52581],[-46.66579,-23.5259],[-46.66579,-23.52581],[-46.66599,-23.52581],[-46.66599,-23.52571],[-46.66886,-23.52571],[-46.66886,-23.5259]],[[-46.60054,-23.52629],[-46.60044,-23.52629],[-46.60044,-23.52648],[-46.60054,-23.52648],[-46.60063,-23.52724],[-46.60006,-23.52734],[-46.59996,-23.52696],[-46.59967,-23.52705],[-46.59977,-23.52744],[-46.5991,-23.52724],[-46.5991,-23.52705],[-46.59939,-23.52677],[-46.59958,-23.52677],[-46.59977,-23.52648],[-46.59996,-23.52648],[-46.60025,-23.5261],[-46.60054,-23.5261],[-46.60054,-23.52629]],[[-46.60417,-23.52657],[-46.60436,-23.52657],[-46.60455,-23.52677],[-46.60455,-23.52724],[-46.60446,-23.52734],[-46.60379,-23.52744],[-46.60312,-23.52811],[-46.60274,-23.52811],[-46.60254,-23.52791],[-46.60254,-23.52753],[-46.60302,-23.52724],[-46.60321,-23.52657],[-46.6035,-23.52657],[-46.6035,-23.52648],[-46.60417,-23.52648],[-46.60417,-23.52657]],[[-46.74713,-23.52744],[-46.74722,-23.52744],[-46.74722,-23.5282],[-46.74732,-23.5282],[-46.74732,-23.52878],[-46.74742,-23.52878],[-46.74742,-23.52954],[-46.74751,-23.52954],[-46.74751,-23.53031],[-46.74742,-23.5304],[-46.74703,-23.5304],[-46.74703,-23.53031],[-46.74675,-23.53031],[-46.74675,-23.53021],[-46.74646,-23.53021],[-46.74646,-23.53011],[-46.74617,-23.53011],[-46.74598,-23.52992],[-46.74579,-23.52992],[-46.74579,-23.52983],[-46.7456,-23.52983],[-46.74531,-23.52944],[-46.74512,-23.52944],[-46.74474,-23.52906],[-46.74521,-23.52849],[-46.7455,-23.52849],[-46.7455,-23.52811],[-46.74588,-23.52782],[-46.74588,-23.52763],[-46.74608,-23.52744],[-46.74627,-23.52744],[-46.74636,-23.52724],[-46.74713,-23.52724],[-46.74713,-23.52744]],[[-46.71029,-23.56083],[-46.71048,-23.56083],[-46.71048,-23.56093],[-46.71115,-23.56093],[-46.71115,-23.56169],[-46.71067,-23.56169],[-46.71067,-23.5616],[-46.71038,-23.5616],[-46.71038,-23.5615],[-46.71,-23.5616],[-46.70971,-23.56188],[-46.70914,-23.56188],[-46.70914,-23.56179],[-46.70885,-23.56169],[-46.70885,-23.5615],[-46.70876,-23.5615],[-46.70876,-23.56102],[-46.70885,-23.56093],[-46.70952,-23.56083],[-46.70952,-23.56074],[-46.71029,-23.56074],[-46.71029,-23.56083]],[[-46.69469,-23.57806],[-46.6946,-23.57806],[-46.6945,-23.57844],[-46.69431,-23.57863],[-46.69421,-23.57901],[-46.69393,-23.5793],[-46.69373,-23.5793],[-46.69373,-23.5792],[-46.69364,-23.5793],[-46.69316,-23.5793],[-46.69316,-23.5792],[-46.69297,-23.5792],[-46.69297,-23.57911],[-46.69278,-23.57911],[-46.69278,-23.57901],[-46.6923,-23.57882],[-46.6924,-23.57853],[-46.69249,-23.57853],[-46.69259,-23.57806],[-46.69316,-23.57815],[-46.69335,-23.57796],[-46.69364,-23.57796],[-46.69364,-23.57806],[-46.69421,-23.57825],[-46.69469,-23.57777],[-46.69469,-23.57806]],[[-46.69306,-23.58552],[-46.69326,-23.58552],[-46.69326,-23.58571],[-46.69364,-23.58581],[-46.69364,-23.586],[-46.69383,-23.58619],[-46.69383,-23.58657],[-46.69354,-23.58686],[-46.69316,-23.58696],[-46.69316,-23.58705],[-46.69268,-23.58715],[-46.69259,-23.58705],[-46.69259,-23.58581],[-46.69268,-23.58581],[-46.69268,-23.58552],[-46.69287,-23.58552],[-46.69287,-23.58542],[-46.69306,-23.58542],[-46.69306,-23.58552]]]]}}]}